{"sexual_violence": {"precision": 0.9977759030600506, "recall": 0.9986950180394565, "f1-score": 0.9982352489833499, "support": 13027}, "Physical_violence": {"precision": 0.9966818747407714, "recall": 0.996268656716418, "f1-score": 0.9964752228903173, "support": 2412}, "emotional_violence": {"precision": 0.9875, "recall": 0.9404761904761905, "f1-score": 0.9634146341463415, "support": 252}, "Harmful_Traditional_practice": {"precision": 0.8571428571428571, "recall": 0.9, "f1-score": 0.8780487804878048, "support": 80}, "economic_violence": {"precision": 0.9767441860465116, "recall": 0.9438202247191011, "f1-score": 0.9599999999999999, "support": 89}, "accuracy": 0.9965952080706179, "macro avg": {"precision": 0.9631689641980383, "recall": 0.9558520179902332, "f1-score": 0.9592347773015627, "support": 15860}, "weighted avg": {"precision": 0.9966188544872376, "recall": 0.9965952080706179, "f1-score": 0.9965935193166109, "support": 15860}}
