{"time/training": 54.25471806526184, "validation/accuracy": 0.41097973129584126, "time/total": 80.56697964668274, "time/evaluation": 26.309353351593018, "training/train_loss_mean": 0.2772097916932645, "training/train_loss_std": 0.27193858972238716, "training/accuracy": 0.42843948375798246, "iteration": 1}
{"time/training": 55.21690607070923, "validation/accuracy": 0.4903068450339161, "time/total": 163.16522479057312, "time/evaluation": 26.846179962158203, "training/train_loss_mean": 0.09348842371245993, "training/train_loss_std": 0.12889419992093773, "training/accuracy": 0.5037875410263826, "iteration": 2}
{"time/training": 55.243860960006714, "validation/accuracy": 0.5537039928573451, "time/total": 245.72563552856445, "time/evaluation": 26.868097066879272, "training/train_loss_mean": 0.0713180385203207, "training/train_loss_std": 0.11928736445170748, "training/accuracy": 0.5598623418138514, "iteration": 3}
{"time/training": 55.33219933509827, "validation/accuracy": 0.7089980264584402, "time/total": 328.34798669815063, "time/evaluation": 26.845776796340942, "training/train_loss_mean": 0.05121869615235138, "training/train_loss_std": 0.1052749074693901, "training/accuracy": 0.7882240552350078, "iteration": 4}
{"time/training": 55.187082290649414, "validation/accuracy": 0.8363103566500154, "time/total": 410.88841676712036, "time/evaluation": 26.916800498962402, "training/train_loss_mean": 0.03958086165992312, "training/train_loss_std": 0.08930141224916556, "training/accuracy": 0.8778678000767087, "iteration": 5}
{"time/training": 55.168997049331665, "validation/accuracy": 0.867180687747711, "time/total": 493.46009612083435, "time/evaluation": 26.95392107963562, "training/train_loss_mean": 0.025595957333933356, "training/train_loss_std": 0.08154002109348425, "training/accuracy": 0.9349079880637257, "iteration": 6}
{"time/training": 55.063392877578735, "validation/accuracy": 0.8721181264386381, "time/total": 575.8926651477814, "time/evaluation": 26.893288373947144, "training/train_loss_mean": 0.021523790611329995, "training/train_loss_std": 0.07563635036007582, "training/accuracy": 0.9413456175732673, "iteration": 7}
{"time/training": 54.84510517120361, "validation/accuracy": 0.8994001169184562, "time/total": 658.0058603286743, "time/evaluation": 26.821933269500732, "training/train_loss_mean": 0.020059086345608244, "training/train_loss_std": 0.07724031508760956, "training/accuracy": 0.978409567408324, "iteration": 8}
{"time/training": 54.914549589157104, "validation/accuracy": 0.9167274434951537, "time/total": 740.1932821273804, "time/evaluation": 26.82418417930603, "training/train_loss_mean": 0.016053834444807482, "training/train_loss_std": 0.07313261896586287, "training/accuracy": 0.9743312894062133, "iteration": 9}
{"time/training": 54.91972851753235, "validation/accuracy": 0.9351469904667132, "time/total": 822.4184420108795, "time/evaluation": 26.858608961105347, "training/train_loss_mean": 0.008627021294598207, "training/train_loss_std": 0.050739435290650364, "training/accuracy": 0.9882421428289841, "iteration": 10}
{"time/training": 54.78814959526062, "validation/accuracy": 0.8747547951383716, "time/total": 904.5047810077667, "time/evaluation": 26.859466075897217, "training/train_loss_mean": 0.010935098619425328, "training/train_loss_std": 0.05788213974662856, "training/accuracy": 0.9513319788650894, "iteration": 11}
{"time/training": 54.7773916721344, "validation/accuracy": 0.8738304010950111, "time/total": 986.1062211990356, "time/evaluation": 26.82341456413269, "training/train_loss_mean": 0.014117758690611474, "training/train_loss_std": 0.06658808286777765, "training/accuracy": 0.955371007672986, "iteration": 12}
{"time/training": 54.76227641105652, "validation/accuracy": 0.9267767574287171, "time/total": 1067.6426215171814, "time/evaluation": 26.773403644561768, "training/train_loss_mean": 0.011185710215835656, "training/train_loss_std": 0.06741228611833712, "training/accuracy": 0.9874390629074801, "iteration": 13}
{"time/training": 54.917330265045166, "validation/accuracy": 0.9248938919787637, "time/total": 1149.4699189662933, "time/evaluation": 26.90914797782898, "training/train_loss_mean": 0.02965626987347569, "training/train_loss_std": 0.09192472165408935, "training/accuracy": 0.967681291915102, "iteration": 14}
{"time/training": 54.99139189720154, "validation/accuracy": 0.9342643888078396, "time/total": 1231.2845478057861, "time/evaluation": 26.822272300720215, "training/train_loss_mean": 0.03333386435791278, "training/train_loss_std": 0.09646798057235813, "training/accuracy": 0.9807083006067201, "iteration": 15}
{"time/training": 54.77317500114441, "validation/accuracy": 0.9453477203072873, "time/total": 1312.9064078330994, "time/evaluation": 26.84801721572876, "training/train_loss_mean": 0.011720851443498945, "training/train_loss_std": 0.06004440775731513, "training/accuracy": 0.9890642827479841, "iteration": 16}
{"time/training": 54.843782901763916, "validation/accuracy": 0.9334708753606538, "time/total": 1394.9844303131104, "time/evaluation": 26.79652237892151, "training/train_loss_mean": 0.012790714261419044, "training/train_loss_std": 0.05917659431932528, "training/accuracy": 0.9877442664063057, "iteration": 17}
{"time/training": 54.88732576370239, "validation/accuracy": 0.9501093440418144, "time/total": 1476.7037239074707, "time/evaluation": 26.831239223480225, "training/train_loss_mean": 0.0073116227755264385, "training/train_loss_std": 0.04813479307173058, "training/accuracy": 0.9949602526545892, "iteration": 18}
{"time/training": 54.890331506729126, "validation/accuracy": 0.9378725001604515, "time/total": 1558.9711635112762, "time/evaluation": 26.93398690223694, "training/train_loss_mean": 0.01136807878019323, "training/train_loss_std": 0.06142146479535218, "training/accuracy": 0.9836406920628157, "iteration": 19}
{"time/training": 54.853713274002075, "validation/accuracy": 0.9376223062405014, "time/total": 1640.666354417801, "time/evaluation": 26.84078598022461, "training/train_loss_mean": 0.007865318241060527, "training/train_loss_std": 0.047945617810364834, "training/accuracy": 0.9887952027572078, "iteration": 20}
{"time/training": 54.9162859916687, "validation/accuracy": 0.9417363434679598, "time/total": 1722.4189376831055, "time/evaluation": 26.835630416870117, "training/train_loss_mean": 0.008123293519220599, "training/train_loss_std": 0.05214190603106217, "training/accuracy": 0.9791826504864243, "iteration": 21}
{"time/training": 54.807809829711914, "validation/accuracy": 0.9271245550603053, "time/total": 1804.1693768501282, "time/evaluation": 26.941951036453247, "training/train_loss_mean": 0.007577410653791199, "training/train_loss_std": 0.04723253996345124, "training/accuracy": 0.9910551798901507, "iteration": 22}
{"time/training": 54.940091609954834, "validation/accuracy": 0.9410438362537723, "time/total": 1886.1310861110687, "time/evaluation": 27.020831823349, "training/train_loss_mean": 0.00772598862763337, "training/train_loss_std": 0.04595025004793224, "training/accuracy": 0.9899745050446116, "iteration": 23}
{"time/training": 54.988858699798584, "validation/accuracy": 0.7260095107073707, "time/total": 1968.0731527805328, "time/evaluation": 26.952409267425537, "training/train_loss_mean": 0.03934404704634762, "training/train_loss_std": 0.10151001898648773, "training/accuracy": 0.7543535976052061, "iteration": 24}
{"time/training": 54.941606283187866, "validation/accuracy": 0.9456557172629976, "time/total": 2049.9826214313507, "time/evaluation": 26.96717619895935, "training/train_loss_mean": 0.017608207069918527, "training/train_loss_std": 0.07081497173019512, "training/accuracy": 0.9845848660147277, "iteration": 25}
{"time/training": 54.83745813369751, "validation/accuracy": 0.9533701981663298, "time/total": 2131.6963455677032, "time/evaluation": 26.875616312026978, "training/train_loss_mean": 0.008689820018566469, "training/train_loss_std": 0.05081316733288693, "training/accuracy": 0.9900434799206959,