{"sexual_violence": {"precision": 0.9985416027018729, "recall": 0.9986182543947186, "f1-score": 0.9985799270773363, "support": 13027}, "Physical_violence": {"precision": 0.997513468711148, "recall": 0.9979270315091211, "f1-score": 0.997720207253886, "support": 2412}, "emotional_violence": {"precision": 0.9689922480620154, "recall": 0.9920634920634921, "f1-score": 0.9803921568627451, "support": 252}, "Harmful_Traditional_practice": {"precision": 0.8536585365853658, "recall": 0.875, "f1-score": 0.8641975308641976, "support": 80}, "economic_violence": {"precision": 0.9873417721518988, "recall": 0.8764044943820225, "f1-score": 0.9285714285714286, "support": 89}, "accuracy": 0.9970996216897856, "macro avg": {"precision": 0.9612095256424602, "recall": 0.9480026544698708, "f1-score": 0.9538922501259188, "support": 15860}, "weighted avg": {"precision": 0.9971220739021792, "recall": 0.9970996216897856, "f1-score": 0.9970894913665976, "support": 15860}}
