{"time/training": 791.3382370471954, "validation/accuracy": 0.9658374673080674, "time/total": 1242.0133736133575, "time/evaluation": 450.6738169193268, "training/train_loss_mean": 0.1045859067809427, "training/train_loss_std": 0.2196257538159054, "training/accuracy": 0.9887686753022988, "iteration": 1}
{"time/training": 798.418119430542, "validation/accuracy": 0.9964847373053403, "time/total": 2494.7672781944275, "time/evaluation": 453.0405013561249, "training/train_loss_mean": 0.0023556307607993125, "training/train_loss_std": 0.02023596813395188, "training/accuracy": 0.9949974266461661, "iteration": 2}
{"time/training": 782.190215587616, "validation/accuracy": 0.9989497958592215, "time/total": 3726.2079560756683, "time/evaluation": 447.8788802623749, "training/train_loss_mean": 0.000886000492726911, "training/train_loss_std": 0.01673271934766598, "training/accuracy": 0.9983424180279936, "iteration": 3}
{"time/training": 783.2407751083374, "validation/accuracy": 0.9976213153286245, "time/total": 4959.196293592453, "time/evaluation": 448.39693999290466, "training/train_loss_mean": 0.0010801143248664723, "training/train_loss_std": 0.018855838474177978, "training/accuracy": 0.9982924208603519, "iteration": 4}
{"time/training": 789.8583600521088, "validation/accuracy": 0.9987735314545656, "time/total": 6199.517329692841, "time/evaluation": 450.4610722064972, "training/train_loss_mean": 0.0015983868747158755, "training/train_loss_std": 0.025272348977272145, "training/accuracy": 0.9983923643721605, "iteration": 5}
