{"time/training": 761.893173456192, "validation/accuracy": 0.994413467290969, "time/total": 1190.3894114494324, "time/evaluation": 428.4912099838257, "training/train_loss_mean": 0.1004167315944998, "training/train_loss_std": 0.2223067271648577, "training/accuracy": 0.993847554510773, "iteration": 1}
{"time/training": 767.4094805717468, "validation/accuracy": 0.9942674191266934, "time/total": 2390.5809149742126, "time/evaluation": 430.7247760295868, "training/train_loss_mean": 0.003996451075122817, "training/train_loss_std": 0.03183820955313807, "training/accuracy": 0.9982924889983973, "iteration": 2}
{"time/training": 767.491072177887, "validation/accuracy": 0.9976912939833469, "time/total": 3589.873251438141, "time/evaluation": 431.79960680007935, "training/train_loss_mean": 0.002013249459714715, "training/train_loss_std": 0.022865267243392946, "training/accuracy": 0.9983424012849987, "iteration": 3}
{"time/training": 764.7736053466797, "validation/accuracy": 0.9961767072897716, "time/total": 4793.566530227661, "time/evaluation": 436.64613699913025, "training/train_loss_mean": 0.0012122472015293829, "training/train_loss_std": 0.01455357707776056, "training/accuracy": 1.0, "iteration": 4}
{"time/training": 774.4378850460052, "validation/accuracy": 0.9906196444588385, "time/total": 6004.0034968853, "time/evaluation": 435.9972541332245, "training/train_loss_mean": 0.0012163728483978134, "training/train_loss_std": 0.014417763177486343, "training/accuracy": 1.0, "iteration": 5}
