{"time/training": 335.778769493103, "validation/accuracy": 0.9641739844267544, "time/total": 502.0289225578308, "time/evaluation": 166.24894189834595, "training/train_loss_mean": 0.13339893123163388, "training/train_loss_std": 0.2636914956917187, "training/accuracy": 0.9740665469375861, "iteration": 1}
{"time/training": 334.9606349468231, "validation/accuracy": 0.9851726280988409, "time/total": 1004.6649031639099, "time/evaluation": 166.25598311424255, "training/train_loss_mean": 0.013740111547994325, "training/train_loss_std": 0.06159894029087836, "training/accuracy": 0.9885629988063958, "iteration": 2}
{"time/training": 333.4897611141205, "validation/accuracy": 0.9747594051877521, "time/total": 1505.8029599189758, "time/evaluation": 166.2592580318451, "training/train_loss_mean": 0.008101822476532478, "training/train_loss_std": 0.046562785750165654, "training/accuracy": 0.9960470523844842, "iteration": 3}
{"time/training": 334.0468683242798, "validation/accuracy": 0.9799094186911292, "time/total": 2006.3919658660889, "time/evaluation": 166.54037284851074, "training/train_loss_mean": 0.0032463425444301556, "training/train_loss_std": 0.02770969959822941, "training/accuracy": 0.9982924208603519, "iteration": 4}
{"time/training": 334.11016750335693, "validation/accuracy": 0.9807217280962088, "time/total": 2506.994411945343, "time/evaluation": 166.49076056480408, "training/train_loss_mean": 0.002126245885098231, "training/train_loss_std": 0.025475768733267457, "training/accuracy": 0.9983923643721605, "iteration": 5}
