{"sexual_violence": {"precision": 0.9996162701458173, "recall": 0.9998464727105243, "f1-score": 0.9997313581763058, "support": 13027}, "Physical_violence": {"precision": 1.0, "recall": 0.9983416252072969, "f1-score": 0.9991701244813278, "support": 2412}, "emotional_violence": {"precision": 0.996031746031746, "recall": 0.996031746031746, "f1-score": 0.996031746031746, "support": 252}, "Harmful_Traditional_practice": {"precision": 0.9875, "recall": 0.9875, "f1-score": 0.9875, "support": 80}, "economic_violence": {"precision": 0.9888888888888889, "recall": 1.0, "f1-score": 0.9944134078212291, "support": 89}, "accuracy": 0.9994955863808322, "macro avg": {"precision": 0.9944073810132904, "recall": 0.9963439687899134, "f1-score": 0.9953693273021218, "support": 15860}, "weighted avg": {"precision": 0.999496359539765, "recall": 0.9994955863808322, "f1-score": 0.999495683260264, "support": 15860}}
