{"time/training": 31.765719413757324, "validation/accuracy": 0.3714002828273947, "time/total": 43.694583892822266, "time/evaluation": 11.928615808486938, "training/train_loss_mean": 0.36608274741002955, "training/train_loss_std": 0.30088588492083934, "training/accuracy": 0.37941870367952135, "iteration": 1}
{"time/training": 31.51818084716797, "validation/accuracy": 0.4767840312845003, "time/total": 87.42556262016296, "time/evaluation": 11.978695631027222, "training/train_loss_mean": 0.12650006974159966, "training/train_loss_std": 0.1311655083440642, "training/accuracy": 0.495216280740865, "iteration": 2}
{"time/training": 31.385502576828003, "validation/accuracy": 0.5100501693899785, "time/total": 130.9360556602478, "time/evaluation": 11.931290626525879, "training/train_loss_mean": 0.07452904549207333, "training/train_loss_std": 0.10798085477059174, "training/accuracy": 0.5331022301106774, "iteration": 3}
{"time/training": 31.235235452651978, "validation/accuracy": 0.5185295705089938, "time/total": 174.30761647224426, "time/evaluation": 11.941729068756104, "training/train_loss_mean": 0.05514193245479709, "training/train_loss_std": 0.09789123986648189, "training/accuracy": 0.5471540888645542, "iteration": 4}
{"time/training": 31.21182346343994, "validation/accuracy": 0.5004407316833643, "time/total": 217.66428184509277, "time/evaluation": 11.939442157745361, "training/train_loss_mean": 0.05386001136241935, "training/train_loss_std": 0.09634195396097037, "training/accuracy": 0.5277915521660907, "iteration": 5}
{"time/training": 31.186840772628784, "validation/accuracy": 0.5266986379107746, "time/total": 260.784556388855, "time/evaluation": 11.932971715927124, "training/train_loss_mean": 0.05005453745554949, "training/train_loss_std": 0.09483461976980005, "training/accuracy": 0.5559418651759155, "iteration": 6}
{"time/training": 31.24263620376587, "validation/accuracy": 0.6673344963490541, "time/total": 304.17892718315125, "time/evaluation": 11.948075771331787, "training/train_loss_mean": 0.0374627602386094, "training/train_loss_std": 0.07768988056969471, "training/accuracy": 0.7097195430080052, "iteration": 7}
{"time/training": 31.125625610351562, "validation/accuracy": 0.6924721695122569, "time/total": 347.461678981781, "time/evaluation": 11.958441257476807, "training/train_loss_mean": 0.02546484483919046, "training/train_loss_std": 0.06327360216635643, "training/accuracy": 0.7559971431101207, "iteration": 8}
{"time/training": 31.05649995803833, "validation/accuracy": 0.6821498010218287, "time/total": 390.6522376537323, "time/evaluation": 11.936735391616821, "training/train_loss_mean": 0.0220077692091971, "training/train_loss_std": 0.060869118840132054, "training/accuracy": 0.7361301414127795, "iteration": 9}
{"time/training": 31.054317474365234, "validation/accuracy": 0.7288066101637357, "time/total": 433.5918972492218, "time/evaluation": 11.88486099243164, "training/train_loss_mean": 0.021764129683660437, "training/train_loss_std": 0.06164753162740433, "training/accuracy": 0.785575246970908, "iteration": 10}
{"time/training": 31.063159704208374, "validation/accuracy": 0.8799828818094163, "time/total": 476.7636606693268, "time/evaluation": 11.911303758621216, "training/train_loss_mean": 0.01743982406103925, "training/train_loss_std": 0.061524194297324565, "training/accuracy": 0.9477640599296748, "iteration": 11}
{"time/training": 30.87992572784424, "validation/accuracy": 0.8902935523183819, "time/total": 519.7419235706329, "time/evaluation": 11.896644830703735, "training/train_loss_mean": 0.014742651522261783, "training/train_loss_std": 0.05994278935874838, "training/accuracy": 0.9779059666942524, "iteration": 12}
{"time/training": 30.882840633392334, "validation/accuracy": 0.883066643918378, "time/total": 562.6948504447937, "time/evaluation": 11.868481874465942, "training/train_loss_mean": 0.010133423209538698, "training/train_loss_std": 0.05425869205974875, "training/accuracy": 0.9800806454298379, "iteration": 13}
{"time/training": 30.91115427017212, "validation/accuracy": 0.8917472004409819, "time/total": 605.5267567634583, "time/evaluation": 11.920268535614014, "training/train_loss_mean": 0.006456356688838463, "training/train_loss_std": 0.04406696043893127, "training/accuracy": 0.9888980973667978, "iteration": 14}
{"time/training": 30.883374452590942, "validation/accuracy": 0.909722630464157, "time/total": 648.5143377780914, "time/evaluation": 11.908486604690552, "training/train_loss_mean": 0.006869799306769269, "training/train_loss_std": 0.045381553317967165, "training/accuracy": 0.990874751844434, "iteration": 15}
{"time/training": 30.909470081329346, "validation/accuracy": 0.8954757711143045, "time/total": 691.4937722682953, "time/evaluation": 11.872700929641724, "training/train_loss_mean": 0.00558596870385401, "training/train_loss_std": 0.03949982844410622, "training/accuracy": 0.9768212697902856, "iteration": 16}
{"time/training": 30.88796830177307, "validation/accuracy": 0.914437774379557, "time/total": 734.2794013023376, "time/evaluation": 11.897176027297974, "training/train_loss_mean": 0.006147403252486591, "training/train_loss_std": 0.04756852498185623, "training/accuracy": 0.9966089833389405, "iteration": 17}
{"time/training": 30.857741355895996, "validation/accuracy": 0.8686348265421406, "time/total": 777.2792167663574, "time/evaluation": 11.945062398910522, "training/train_loss_mean": 0.003355673452598404, "training/train_loss_std": 0.03294540404176478, "training/accuracy": 0.9710581651093854, "iteration": 18}
{"time/training": 30.945352792739868, "validation/accuracy": 0.9141611787572584, "time/total": 820.2064695358276, "time/evaluation": 11.981407642364502, "training/train_loss_mean": 0.003371967790472114, "training/train_loss_std": 0.02810649092964076, "training/accuracy": 0.9900086057588618, "iteration": 19}
{"time/training": 30.94136905670166, "validation/accuracy": 0.9121405297583113, "time/total": 863.0894386768341, "time/evaluation": 11.941128253936768, "training/train_loss_mean": 0.011718814929752009, "training/train_loss_std": 0.0659178524790403, "training/accuracy": 0.9837239394832729, "iteration": 20}
{"time/training": 30.94012999534607, "validation/accuracy": 0.9185662756504234, "time/total": 905.978878736496, "time/evaluation": 11.948795080184937, "training/train_loss_mean": 0.008086111408307246, "training/train_loss_std": 0.05440574513463416, "training/accuracy": 0.9927222464256975, "iteration": 21}
{"time/training": 30.978044509887695, "validation/accuracy": 0.9453487057797835, "time/total": 949.1036541461945, "time/evaluation": 11.943342924118042, "training/train_loss_mean": 0.009465621919776807, "training/train_loss_std": 0.05735880657790582, "training/accuracy": 0.9940126196698875, "iteration": 22}
{"time/training": 30.929152011871338, "validation/accuracy": 0.9378519611467615, "time/total": 992.1588952541351, "time/evaluation": 11.925796747207642, "training/train_loss_mean": 0.004572301967320212, "training/train_loss_std": 0.04006250100768642, "training/accuracy": 0.99699250110401, "iteration": 23}
{"time/training": 30.916590690612793, "validation/accuracy": 0.9251028698985511, "time/total": 1034.9959239959717, "time/evaluation": 11.919944763183594, "training/train_loss_mean": 0.006021831182276695, "training/train_loss_std": 0.047340472742313906, "training/accuracy": 0.9881194139570711, "iteration": 24}
{"time/training": 30.943285942077637, "validation/accuracy": 0.9207615567239881, "time/total": 1077.874902009964, "time/evaluation": 11.935193061828613, "training/train_loss_mean": 0.005926129039833927, "training/train_loss_std": 0.04882743086090706, "training/accuracy": 0.9945816726817694, "iteration": 25}
{"time/training": 30.948678731918335, "validation/accuracy": 0.8981011773919045, "time/total": 1120.760951757431, "time/evaluation": 11.936877012252808, "training/train_loss_mean": 0.0074790063963246925, "training/train_loss_std": 0.05012567179033671, "training/accuracy": 0.9859562524677601,