{"time/training": 36.87843871116638, "validation/accuracy": 0.3792505798290602, "time/total": 45.76168608665466, "time/evaluation": 8.882938385009766, "training/train_loss_mean": 0.4280167656913986, "training/train_loss_std": 0.3235426792032113, "training/accuracy": 0.3805710717372121, "iteration": 1}
{"time/training": 36.36634349822998, "validation/accuracy": 0.39689273656607676, "time/total": 91.74716210365295, "time/evaluation": 8.980305433273315, "training/train_loss_mean": 0.14597075316710326, "training/train_loss_std": 0.15967342920594754, "training/accuracy": 0.40502695259318655, "iteration": 2}
{"time/training": 36.31834530830383, "validation/accuracy": 0.4887751906327303, "time/total": 137.58112859725952, "time/evaluation": 9.027281761169434, "training/train_loss_mean": 0.10016978740129312, "training/train_loss_std": 0.12041094410497027, "training/accuracy": 0.5261076754398679, "iteration": 3}
{"time/training": 36.14087510108948, "validation/accuracy": 0.49922242702732716, "time/total": 183.12622165679932, "time/evaluation": 8.90713357925415, "training/train_loss_mean": 0.07329050920377522, "training/train_loss_std": 0.10498139089497957, "training/accuracy": 0.5474735997499327, "iteration": 4}
{"time/training": 35.97143316268921, "validation/accuracy": 0.5081219244946803, "time/total": 228.49729013442993, "time/evaluation": 8.900481462478638, "training/train_loss_mean": 0.05693671386473533, "training/train_loss_std": 0.10091894410543163, "training/accuracy": 0.556561590409274, "iteration": 5}
{"time/training": 35.807156562805176, "validation/accuracy": 0.5277854719638222, "time/total": 273.83585357666016, "time/evaluation": 9.04321813583374, "training/train_loss_mean": 0.049585976888926145, "training/train_loss_std": 0.10254910292070843, "training/accuracy": 0.5615145607788168, "iteration": 6}
{"time/training": 35.832282066345215, "validation/accuracy": 0.5665319392360066, "time/total": 319.1057217121124, "time/evaluation": 8.956777334213257, "training/train_loss_mean": 0.04631631461086254, "training/train_loss_std": 0.09611490952151873, "training/accuracy": 0.6140417628348662, "iteration": 7}
{"time/training": 35.766172885894775, "validation/accuracy": 0.6477882566228169, "time/total": 364.18540954589844, "time/evaluation": 8.819414138793945, "training/train_loss_mean": 0.037191729611574166, "training/train_loss_std": 0.08530302934026847, "training/accuracy": 0.70800845479765, "iteration": 8}
{"time/training": 35.49081039428711, "validation/accuracy": 0.6700042737538503, "time/total": 408.9323191642761, "time/evaluation": 8.773655652999878, "training/train_loss_mean": 0.027607745823771675, "training/train_loss_std": 0.06927789501065447, "training/accuracy": 0.8195486039232014, "iteration": 9}
{"time/training": 35.40593767166138, "validation/accuracy": 0.7692964388341936, "time/total": 453.63275504112244, "time/evaluation": 8.805171489715576, "training/train_loss_mean": 0.022972272785174695, "training/train_loss_std": 0.06886042366326031, "training/accuracy": 0.9371274877268243, "iteration": 10}
{"time/training": 35.32306790351868, "validation/accuracy": 0.7683366151208899, "time/total": 498.21048951148987, "time/evaluation": 8.80130648612976, "training/train_loss_mean": 0.016621294891383587, "training/train_loss_std": 0.06071305707539453, "training/accuracy": 0.9485394323994092, "iteration": 11}
{"time/training": 35.22805118560791, "validation/accuracy": 0.7998197411714201, "time/total": 542.1930909156799, "time/evaluation": 8.754067420959473, "training/train_loss_mean": 0.012901745815339725, "training/train_loss_std": 0.053872165799615, "training/accuracy": 0.9700664558042298, "iteration": 12}
{"time/training": 35.18805694580078, "validation/accuracy": 0.7829954044553479, "time/total": 586.6136145591736, "time/evaluation": 8.762588739395142, "training/train_loss_mean": 0.010954522402699502, "training/train_loss_std": 0.051603203638868556, "training/accuracy": 0.9777691811723592, "iteration": 13}
{"time/training": 35.15354919433594, "validation/accuracy": 0.797317832687168, "time/total": 630.5171735286713, "time/evaluation": 8.749514818191528, "training/train_loss_mean": 0.009244852459745543, "training/train_loss_std": 0.04993397190781567, "training/accuracy": 0.9777182289125876, "iteration": 14}
{"time/training": 35.13392877578735, "validation/accuracy": 0.7979337057483832, "time/total": 674.3727042675018, "time/evaluation": 8.721012830734253, "training/train_loss_mean": 0.009088229188416772, "training/train_loss_std": 0.04770208872511586, "training/accuracy": 0.9824561994977692, "iteration": 15}
{"time/training": 35.15228772163391, "validation/accuracy": 0.7859332291702406, "time/total": 718.2751877307892, "time/evaluation": 8.749765872955322, "training/train_loss_mean": 0.009530645883058055, "training/train_loss_std": 0.04842707949969316, "training/accuracy": 0.9844625683862235, "iteration": 16}
{"time/training": 35.155909299850464, "validation/accuracy": 0.8290442973977035, "time/total": 762.1577272415161, "time/evaluation": 8.726177215576172, "training/train_loss_mean": 0.005676798019140826, "training/train_loss_std": 0.03664031342647174, "training/accuracy": 0.9959418306216172, "iteration": 17}
{"time/training": 35.142242670059204, "validation/accuracy": 0.7870720653248959, "time/total": 806.4885852336884, "time/evaluation": 8.731526851654053, "training/train_loss_mean": 0.005339620910799711, "training/train_loss_std": 0.0383374352484832, "training/accuracy": 0.9714366483151968, "iteration": 18}
{"time/training": 35.04993200302124, "validation/accuracy": 0.8791078436409331, "time/total": 850.2567758560181, "time/evaluation": 8.717741966247559, "training/train_loss_mean": 0.003979784917407422, "training/train_loss_std": 0.034147133131195766, "training/accuracy": 0.9889284279817229, "iteration": 19}
{"time/training": 35.123573303222656, "validation/accuracy": 0.8344819564332416, "time/total": 894.5381472110748, "time/evaluation": 8.694583415985107, "training/train_loss_mean": 0.005515045281997769, "training/train_loss_std": 0.03479182381531775, "training/accuracy": 0.9906001563192911, "iteration": 20}
{"time/training": 35.06476449966431, "validation/accuracy": 0.8529844749368365, "time/total": 938.3279314041138, "time/evaluation": 8.72457504272461, "training/train_loss_mean": 0.0033530558799991306, "training/train_loss_std": 0.030074496577575844, "training/accuracy": 0.9995614656470414, "iteration": 21}
{"time/training": 35.033666133880615, "validation/accuracy": 0.8603696354246765, "time/total": 982.0735697746277, "time/evaluation": 8.711517095565796, "training/train_loss_mean": 0.0006329613643489626, "training/train_loss_std": 0.01417250468850144, "training/accuracy": 0.9995614656470414, "iteration": 22}
{"time/training": 35.053682804107666, "validation/accuracy": 0.8594217808008228, "time/total": 1025.8697061538696, "time/evaluation": 8.74199914932251, "training/train_loss_mean": 0.004831790567574691, "training/train_loss_std": 0.04111564686804692, "training/accuracy": 0.9951199411331861, "iteration": 23}
{"time/training": 35.020672082901, "validation/accuracy": 0.7704404474027728, "time/total": 1069.6000981330872, "time/evaluation": 8.708951950073242, "training/train_loss_mean": 0.0033461198739526544, "training/train_loss_std": 0.02920691180493587, "training/accuracy": 0.9262697647295809, "iteration": 24}
{"time/training": 35.050050258636475, "validation/accuracy": 0.880868814566805, "time/total": 1113.3929636478424, "time/evaluation": 8.742340803146362, "training/train_loss_mean": 0.0032416771371464974, "training/train_loss_std": 0.028559177412361327, "training/accuracy": 0.9942434459839774, "iteration": 25}
{"time/training": 35.14176607131958, "validation/accuracy": 0.844142366479993, "time/total": 1157.6855020523071, "time/evaluation": 8.681772470474243, "training/train_loss_mean": 0.0035421436158835926, "training/train_loss_std": 0.031404360893683175, "training/accuracy": 0.9833428817872486,