{"time/training": 28.61649441719055, "validation/accuracy": 0.38572175137587195, "time/total": 38.16948461532593, "time/evaluation": 9.552739381790161, "training/train_loss_mean": 0.3554990224312903, "training/train_loss_std": 0.2893646736875551, "training/accuracy": 0.386842691011588, "iteration": 1}
{"time/training": 28.06200361251831, "validation/accuracy": 0.4868594821632062, "time/total": 76.00831437110901, "time/evaluation": 9.519623279571533, "training/train_loss_mean": 0.09746514007093487, "training/train_loss_std": 0.12125071930671588, "training/accuracy": 0.503898564942162, "iteration": 2}
{"time/training": 27.96614122390747, "validation/accuracy": 0.5300991571618493, "time/total": 113.6520504951477, "time/evaluation": 9.490922689437866, "training/train_loss_mean": 0.060683641561552676, "training/train_loss_std": 0.09826998453009735, "training/accuracy": 0.5448827708966182, "iteration": 3}
{"time/training": 27.884604930877686, "validation/accuracy": 0.6512541047819453, "time/total": 151.24477314949036, "time/evaluation": 9.5221688747406, "training/train_loss_mean": 0.043147413673105754, "training/train_loss_std": 0.08372688975789723, "training/accuracy": 0.7378525621085583, "iteration": 4}
{"time/training": 27.763994455337524, "validation/accuracy": 0.6908909784025228, "time/total": 188.74915862083435, "time/evaluation": 9.551454544067383, "training/train_loss_mean": 0.024798447178382477, "training/train_loss_std": 0.06385758840281806, "training/accuracy": 0.73914435475428, "iteration": 5}
{"time/training": 27.791490077972412, "validation/accuracy": 0.8052815098616101, "time/total": 226.277667760849, "time/evaluation": 9.549973249435425, "training/train_loss_mean": 0.02572797317668341, "training/train_loss_std": 0.07734037483878717, "training/accuracy": 0.8976654500482573, "iteration": 6}
{"time/training": 27.580331087112427, "validation/accuracy": 0.7935227621236514, "time/total": 263.573162317276, "time/evaluation": 9.528808355331421, "training/train_loss_mean": 0.012633471626077511, "training/train_loss_std": 0.04602814707448431, "training/accuracy": 0.9254183124221456, "iteration": 7}
{"time/training": 27.61295771598816, "validation/accuracy": 0.8486133959568976, "time/total": 300.70862865448, "time/evaluation": 9.52202320098877, "training/train_loss_mean": 0.012184791913177903, "training/train_loss_std": 0.052767907895681816, "training/accuracy": 0.981086498412985, "iteration": 8}
{"time/training": 27.568618059158325, "validation/accuracy": 0.8106331258430439, "time/total": 337.99390625953674, "time/evaluation": 9.530866146087646, "training/train_loss_mean": 0.007736542192379408, "training/train_loss_std": 0.044351125806342366, "training/accuracy": 0.9746961331384562, "iteration": 9}
{"time/training": 27.600895643234253, "validation/accuracy": 0.8567207920089208, "time/total": 375.1395511627197, "time/evaluation": 9.544289827346802, "training/train_loss_mean": 0.007093322282150804, "training/train_loss_std": 0.047001539298059974, "training/accuracy": 0.9564744882756241, "iteration": 10}
{"time/training": 27.602323055267334, "validation/accuracy": 0.8629344405490322, "time/total": 412.4192793369293, "time/evaluation": 9.487813234329224, "training/train_loss_mean": 0.007746300424209555, "training/train_loss_std": 0.044453899442679405, "training/accuracy": 0.9695851751009867, "iteration": 11}
{"time/training": 27.599076509475708, "validation/accuracy": 0.913375627417025, "time/total": 449.74397706985474, "time/evaluation": 9.53783106803894, "training/train_loss_mean": 0.006300516961941974, "training/train_loss_std": 0.042795942976077195, "training/accuracy": 0.979317029982013, "iteration": 12}
{"time/training": 27.623408555984497, "validation/accuracy": 0.9139445305717144, "time/total": 487.1240346431732, "time/evaluation": 9.545299053192139, "training/train_loss_mean": 0.002681868173569069, "training/train_loss_std": 0.027727359773399584, "training/accuracy": 0.9816979654079265, "iteration": 13}
{"time/training": 27.517778158187866, "validation/accuracy": 0.9115540078665145, "time/total": 524.4491765499115, "time/evaluation": 9.59112024307251, "training/train_loss_mean": 0.0017480562455273498, "training/train_loss_std": 0.023111508546630532, "training/accuracy": 0.9934103056390482, "iteration": 14}
{"time/training": 27.631104707717896, "validation/accuracy": 0.7820705216904917, "time/total": 561.6399455070496, "time/evaluation": 9.559193849563599, "training/train_loss_mean": 0.009182028002300729, "training/train_loss_std": 0.05140096891420228, "training/accuracy": 0.8835002426976792, "iteration": 15}
{"time/training": 27.62292742729187, "validation/accuracy": 0.9166135429605315, "time/total": 598.7684855461121, "time/evaluation": 9.50514268875122, "training/train_loss_mean": 0.004248134703245492, "training/train_loss_std": 0.027235508480457405, "training/accuracy": 0.9962857319150498, "iteration": 16}
{"time/training": 27.607606410980225, "validation/accuracy": 0.9076307062916353, "time/total": 636.1153149604797, "time/evaluation": 9.547653436660767, "training/train_loss_mean": 0.0032368099851522655, "training/train_loss_std": 0.031130011072376527, "training/accuracy": 0.9884779373042436, "iteration": 17}
{"time/training": 27.669674158096313, "validation/accuracy": 0.9137765842946092, "time/total": 673.3565893173218, "time/evaluation": 9.571154594421387, "training/train_loss_mean": 0.0032017455187674996, "training/train_loss_std": 0.03035331468911273, "training/accuracy": 0.98783280506121, "iteration": 18}
{"time/training": 27.602715253829956, "validation/accuracy": 0.9099104846925397, "time/total": 710.5328080654144, "time/evaluation": 9.573031425476074, "training/train_loss_mean": 0.0023441855612651038, "training/train_loss_std": 0.025872551279733653, "training/accuracy": 1.0, "iteration": 19}
{"time/training": 27.594645977020264, "validation/accuracy": 0.9221622327329786, "time/total": 747.680189371109, "time/evaluation": 9.552271604537964, "training/train_loss_mean": 0.0057811103901652195, "training/train_loss_std": 0.044273729874013054, "training/accuracy": 1.0, "iteration": 20}
{"time/training": 27.479164838790894, "validation/accuracy": 0.9151394121511267, "time/total": 784.9102053642273, "time/evaluation": 9.563514709472656, "training/train_loss_mean": 0.001707292837000557, "training/train_loss_std": 0.01923048353069523, "training/accuracy": 0.9970754966887417, "iteration": 21}
{"time/training": 27.595513343811035, "validation/accuracy": 0.9077013856889142, "time/total": 822.0581073760986, "time/evaluation": 9.551852703094482, "training/train_loss_mean": 0.0016535491523248446, "training/train_loss_std": 0.02277155805071974, "training/accuracy": 0.9952225493150489, "iteration": 22}
{"time/training": 27.571529150009155, "validation/accuracy": 0.9258842041166193, "time/total": 859.1789166927338, "time/evaluation": 9.548852682113647, "training/train_loss_mean": 0.002349097186165242, "training/train_loss_std": 0.02478545373277642, "training/accuracy": 1.0, "iteration": 23}
{"time/training": 27.589534521102905, "validation/accuracy": 0.927444739739725, "time/total": 896.4763450622559, "time/evaluation": 9.521470069885254, "training/train_loss_mean": 3.5815305401179e-05, "training/train_loss_std": 0.00028784618734618844, "training/accuracy": 0.9996114119912081, "iteration": 24}
{"time/training": 27.63897943496704, "validation/accuracy": 0.9350233745644683, "time/total": 933.8519670963287, "time/evaluation": 9.547707557678223, "training/train_loss_mean": 1.1067026210858019e-05, "training/train_loss_std": 2.1147341072535543e-05, "training/accuracy": 1.0, "iteration": 25}
{"time/training": 27.559348106384277, "validation/accuracy": 0.9040209671406505, "time/total": 971.1637318134308, "time/evaluation": 9.56300163269043, "training/train_loss_mean": 2.469286426063034e-05, "training/train_loss_std": 0.0002633356391986122, "training/accuracy": 0.9975097645032518, "iteration": 26}
{"time/training": 27.619840383529663,