{"time/training": 43.82989716529846, "validation/accuracy": 0.3868355891710149, "time/total": 63.42203617095947, "time/evaluation": 19.591870069503784, "training/train_loss_mean": 0.28686401410354667, "training/train_loss_std": 0.2640922092261982, "training/accuracy": 0.39981472777568916, "iteration": 1}
{"time/training": 43.644387006759644, "validation/accuracy": 0.5045269902156947, "time/total": 127.06816577911377, "time/evaluation": 19.711682081222534, "training/train_loss_mean": 0.0866760879416774, "training/train_loss_std": 0.11526480737749766, "training/accuracy": 0.5297562961914133, "iteration": 2}
{"time/training": 43.31366968154907, "validation/accuracy": 0.5105963122117645, "time/total": 190.31213307380676, "time/evaluation": 19.709692001342773, "training/train_loss_mean": 0.06978276970385625, "training/train_loss_std": 0.11277144616338794, "training/accuracy": 0.5378369768219848, "iteration": 3}
{"time/training": 43.334901332855225, "validation/accuracy": 0.5338925585222881, "time/total": 253.5815680027008, "time/evaluation": 19.71287703514099, "training/train_loss_mean": 0.061761433756901095, "training/train_loss_std": 0.10615457959465421, "training/accuracy": 0.5544851837155566, "iteration": 4}
{"time/training": 43.31093144416809, "validation/accuracy": 0.6753429381491574, "time/total": 316.83305978775024, "time/evaluation": 19.715437412261963, "training/train_loss_mean": 0.04588121320638901, "training/train_loss_std": 0.08652183825249962, "training/accuracy": 0.695792028851879, "iteration": 5}
{"time/training": 43.29996061325073, "validation/accuracy": 0.83142129369833, "time/total": 380.14136695861816, "time/evaluation": 19.758062839508057, "training/train_loss_mean": 0.030885189226814765, "training/train_loss_std": 0.08064290551043583, "training/accuracy": 0.8730179621113218, "iteration": 6}
{"time/training": 43.04762387275696, "validation/accuracy": 0.7857149183806245, "time/total": 443.163293838501, "time/evaluation": 19.740251779556274, "training/train_loss_mean": 0.025907944068477642, "training/train_loss_std": 0.0762316247994015, "training/accuracy": 0.8658467300889553, "iteration": 7}
{"time/training": 43.255988121032715, "validation/accuracy": 0.8675959679916975, "time/total": 506.1464960575104, "time/evaluation": 19.726696729660034, "training/train_loss_mean": 0.019784994261427765, "training/train_loss_std": 0.07091469329025134, "training/accuracy": 0.943304288663444, "iteration": 8}
{"time/training": 43.03742957115173, "validation/accuracy": 0.8961710515844935, "time/total": 569.0900855064392, "time/evaluation": 19.678197622299194, "training/train_loss_mean": 0.01206164647946863, "training/train_loss_std": 0.059145127283151085, "training/accuracy": 0.9434344310819162, "iteration": 9}
{"time/training": 42.87884211540222, "validation/accuracy": 0.8532099642586463, "time/total": 631.9283912181854, "time/evaluation": 19.72896671295166, "training/train_loss_mean": 0.013554360229066182, "training/train_loss_std": 0.05872885208938752, "training/accuracy": 0.9192001380083756, "iteration": 10}
{"time/training": 43.089497089385986, "validation/accuracy": 0.8928257122532821, "time/total": 694.6970844268799, "time/evaluation": 19.67855143547058, "training/train_loss_mean": 0.011906405949893391, "training/train_loss_std": 0.054955135055746306, "training/accuracy": 0.9722909346037707, "iteration": 11}
{"time/training": 42.8624963760376, "validation/accuracy": 0.9150038979792934, "time/total": 757.3047134876251, "time/evaluation": 19.744651317596436, "training/train_loss_mean": 0.009935881382806133, "training/train_loss_std": 0.05949102336159332, "training/accuracy": 0.9842490207623891, "iteration": 12}
{"time/training": 42.978132247924805, "validation/accuracy": 0.9115379064538802, "time/total": 820.099757194519, "time/evaluation": 19.600798845291138, "training/train_loss_mean": 0.0064130964995692775, "training/train_loss_std": 0.03902714236315894, "training/accuracy": 0.9788666585033585, "iteration": 13}
{"time/training": 43.185264348983765, "validation/accuracy": 0.9524898062993191, "time/total": 882.9956791400909, "time/evaluation": 19.710202932357788, "training/train_loss_mean": 0.007693500426229168, "training/train_loss_std": 0.04535830159649527, "training/accuracy": 0.9951792011888024, "iteration": 14}
{"time/training": 42.9547176361084, "validation/accuracy": 0.9356490988793544, "time/total": 945.8403980731964, "time/evaluation": 19.661019802093506, "training/train_loss_mean": 0.004290628435017883, "training/train_loss_std": 0.03371055388964457, "training/accuracy": 0.9967254868148518, "iteration": 15}
{"time/training": 43.26915097236633, "validation/accuracy": 0.9038817330138634, "time/total": 1008.8819563388824, "time/evaluation": 19.771953344345093, "training/train_loss_mean": 0.005308152847987734, "training/train_loss_std": 0.041256292331823055, "training/accuracy": 0.9919541451568257, "iteration": 16}
{"time/training": 43.23645377159119, "validation/accuracy": 0.9290034973247936, "time/total": 1071.887202501297, "time/evaluation": 19.76820397377014, "training/train_loss_mean": 0.0032332105097417855, "training/train_loss_std": 0.02995213870299603, "training/accuracy": 0.9919099485593119, "iteration": 17}
{"time/training": 43.03341722488403, "validation/accuracy": 0.9082459936929499, "time/total": 1134.606420993805, "time/evaluation": 19.68497943878174, "training/train_loss_mean": 0.00442940213549056, "training/train_loss_std": 0.03781273712263144, "training/accuracy": 0.9376194239479524, "iteration": 18}
{"time/training": 43.0963191986084, "validation/accuracy": 0.9292965339360792, "time/total": 1197.4345285892487, "time/evaluation": 19.731297731399536, "training/train_loss_mean": 0.0020602536025776997, "training/train_loss_std": 0.024833925549708098, "training/accuracy": 0.9999500536558109, "iteration": 19}
{"time/training": 43.030844926834106, "validation/accuracy": 0.9292544844003627, "time/total": 1260.164452791214, "time/evaluation": 19.69860577583313, "training/train_loss_mean": 0.001742484552516372, "training/train_loss_std": 0.026638549095362757, "training/accuracy": 0.9981929268274049, "iteration": 20}
{"time/training": 42.95824360847473, "validation/accuracy": 0.9143197593355616, "time/total": 1322.8363404273987, "time/evaluation": 19.71314573287964, "training/train_loss_mean": 0.006014514128136806, "training/train_loss_std": 0.04804560894012981, "training/accuracy": 0.9979206179848038, "iteration": 21}
{"time/training": 42.96254205703735, "validation/accuracy": 0.9221585501441002, "time/total": 1385.4929966926575, "time/evaluation": 19.693642616271973, "training/train_loss_mean": 0.006295889863670129, "training/train_loss_std": 0.05086414177579892, "training/accuracy": 0.9960119903582919, "iteration": 22}
{"time/training": 43.17498850822449, "validation/accuracy": 0.910240603952586, "time/total": 1448.344971895218, "time/evaluation": 19.67647647857666, "training/train_loss_mean": 0.002749570344198806, "training/train_loss_std": 0.031900722633854246, "training/accuracy": 0.9999500536558109, "iteration": 23}
{"time/training": 42.941415786743164, "validation/accuracy": 0.9391533433438244, "time/total": 1510.977466583252, "time/evaluation": 19.690619945526123, "training/train_loss_mean": 0.0006498992830837399, "training/train_loss_std": 0.015521255834534292, "training/accuracy": 0.9999500536558109, "iteration": 24}
{"time/training": 43.07861614227295, "validation/accuracy": 0.9439294006151503, "time/total": 1573.7524635791779, "time/evaluation": 19.69585609436035, "training/train_loss_mean": 0.000649338220361864, "training/train_loss_std": 0.01575057568341275, "training/accuracy": 0.9999500536558109, "iteration": 25}
{"time/training": 42.98297429084778, "validation/accuracy": 0.9449741056237986, "time/total": 1636.4489951133728, "time/evaluation": 19.71311855316162, "training/train_loss_mean": 0.0006313344824789735, "training/train_loss_std": 0.01533787971451431, "training/accuracy": 0.9999500536558109,