{"time/training": 57.232848167419434, "validation/accuracy": 0.4896914425326466, "time/total": 85.34142923355103, "time/evaluation": 28.10831093788147, "training/train_loss_mean": 0.29429845157149065, "training/train_loss_std": 0.2842310183066345, "training/accuracy": 0.47494721994610795, "iteration": 1}
{"time/training": 56.68913912773132, "validation/accuracy": 0.5095921113839579, "time/total": 170.33181166648865, "time/evaluation": 28.018996000289917, "training/train_loss_mean": 0.09882239378167419, "training/train_loss_std": 0.13236156857427922, "training/accuracy": 0.5267871249243484, "iteration": 2}
{"time/training": 56.28634190559387, "validation/accuracy": 0.5326187844992217, "time/total": 254.76001906394958, "time/evaluation": 27.910810232162476, "training/train_loss_mean": 0.06545981381951985, "training/train_loss_std": 0.10507594631029815, "training/accuracy": 0.5498308940547539, "iteration": 3}
{"time/training": 56.30658507347107, "validation/accuracy": 0.5111231078940932, "time/total": 339.25244426727295, "time/evaluation": 27.934508323669434, "training/train_loss_mean": 0.054530619444290274, "training/train_loss_std": 0.10166163302431366, "training/accuracy": 0.5306118318984264, "iteration": 4}
{"time/training": 56.209269762039185, "validation/accuracy": 0.5274202271315597, "time/total": 423.40149211883545, "time/evaluation": 27.939305782318115, "training/train_loss_mean": 0.045659995670054535, "training/train_loss_std": 0.1003106989114653, "training/accuracy": 0.5550341732549166, "iteration": 5}
{"time/training": 56.281742095947266, "validation/accuracy": 0.5468541562122878, "time/total": 507.78959035873413, "time/evaluation": 28.10585594177246, "training/train_loss_mean": 0.04955024734665603, "training/train_loss_std": 0.10155427033663901, "training/accuracy": 0.5704142949413933, "iteration": 6}
{"time/training": 56.16485667228699, "validation/accuracy": 0.8775913183504519, "time/total": 592.1122331619263, "time/evaluation": 27.92397975921631, "training/train_loss_mean": 0.02858653295182258, "training/train_loss_std": 0.07713228741302662, "training/accuracy": 0.9514088379918345, "iteration": 7}
{"time/training": 56.09862399101257, "validation/accuracy": 0.8966098158011546, "time/total": 676.4607920646667, "time/evaluation": 28.02123999595642, "training/train_loss_mean": 0.013938748459668563, "training/train_loss_std": 0.06018996847993892, "training/accuracy": 0.9647995544094787, "iteration": 8}
{"time/training": 56.12850785255432, "validation/accuracy": 0.9347030131401887, "time/total": 760.8354396820068, "time/evaluation": 28.002413988113403, "training/train_loss_mean": 0.014289657745027261, "training/train_loss_std": 0.06039704851977133, "training/accuracy": 0.9887830113668512, "iteration": 9}
{"time/training": 56.12425374984741, "validation/accuracy": 0.9087583679734494, "time/total": 845.2532775402069, "time/evaluation": 28.02999234199524, "training/train_loss_mean": 0.013200426396435332, "training/train_loss_std": 0.059576712934041244, "training/accuracy": 0.9804446719661037, "iteration": 10}
{"time/training": 56.114386796951294, "validation/accuracy": 0.9111913010952071, "time/total": 929.4016027450562, "time/evaluation": 28.033464908599854, "training/train_loss_mean": 0.012896639523639501, "training/train_loss_std": 0.060573586033631395, "training/accuracy": 0.9726548580257071, "iteration": 11}
{"time/training": 56.05118536949158, "validation/accuracy": 0.9269576612167946, "time/total": 1013.4503467082977, "time/evaluation": 27.99692392349243, "training/train_loss_mean": 0.010660027011977572, "training/train_loss_std": 0.05585067747844989, "training/accuracy": 0.9935177628958606, "iteration": 12}
{"time/training": 56.01908755302429, "validation/accuracy": 0.9405352326140083, "time/total": 1097.4658172130585, "time/evaluation": 27.995919227600098, "training/train_loss_mean": 0.005167971793621756, "training/train_loss_std": 0.04234182557790806, "training/accuracy": 0.9903145716880235, "iteration": 13}
{"time/training": 56.02232646942139, "validation/accuracy": 0.9411248698921643, "time/total": 1181.8889226913452, "time/evaluation": 28.16000485420227, "training/train_loss_mean": 0.008560027321943817, "training/train_loss_std": 0.05052972399513349, "training/accuracy": 0.99466009107507, "iteration": 14}
{"time/training": 56.16453766822815, "validation/accuracy": 0.9238074789014759, "time/total": 1266.636834859848, "time/evaluation": 28.34611177444458, "training/train_loss_mean": 0.010211965142919747, "training/train_loss_std": 0.055775700917475926, "training/accuracy": 0.9750987585845049, "iteration": 15}
{"time/training": 56.225157022476196, "validation/accuracy": 0.9349476904961367, "time/total": 1351.1803789138794, "time/evaluation": 28.317883253097534, "training/train_loss_mean": 0.01088494837870347, "training/train_loss_std": 0.05423601228679516, "training/accuracy": 0.9867294729192366, "iteration": 16}
{"time/training": 56.05528926849365, "validation/accuracy": 0.9609679665474042, "time/total": 1435.2096178531647, "time/evaluation": 27.973479747772217, "training/train_loss_mean": 0.0038428031414531596, "training/train_loss_std": 0.035309458847674405, "training/accuracy": 0.9958526575414719, "iteration": 17}
{"time/training": 55.81374955177307, "validation/accuracy": 0.9590517840996128, "time/total": 1519.12069606781, "time/evaluation": 27.843923568725586, "training/train_loss_mean": 0.0036379596311163606, "training/train_loss_std": 0.034721020426475985, "training/accuracy": 0.9963383092954317, "iteration": 18}
{"time/training": 55.88087821006775, "validation/accuracy": 0.8999602852936966, "time/total": 1602.8765015602112, "time/evaluation": 27.874356746673584, "training/train_loss_mean": 0.002018559268352566, "training/train_loss_std": 0.02351047693366588, "training/accuracy": 0.9542156368130588, "iteration": 19}
{"time/training": 56.021470069885254, "validation/accuracy": 0.970085182929464, "time/total": 1686.7611207962036, "time/evaluation": 27.862624645233154, "training/train_loss_mean": 0.005645555362828841, "training/train_loss_std": 0.043489993578119175, "training/accuracy": 0.9956529973540824, "iteration": 20}
{"time/training": 55.84102463722229, "validation/accuracy": 0.9675569719079581, "time/total": 1770.6445214748383, "time/evaluation": 27.79924702644348, "training/train_loss_mean": 0.0011783000533660372, "training/train_loss_std": 0.020209721779196513, "training/accuracy": 0.9980052215199045, "iteration": 21}
{"time/training": 56.01673984527588, "validation/accuracy": 0.9652924314039435, "time/total": 1854.5639679431915, "time/evaluation": 27.902185440063477, "training/train_loss_mean": 0.0010202799125238918, "training/train_loss_std": 0.01734914546436896, "training/accuracy": 0.9980052215199045, "iteration": 22}
{"time/training": 55.995248556137085, "validation/accuracy": 0.9220089482996897, "time/total": 1938.444519996643, "time/evaluation": 27.8848135471344, "training/train_loss_mean": 0.0044617601918201496, "training/train_loss_std": 0.03869574018940893, "training/accuracy": 0.9863823544937717, "iteration": 23}
{"time/training": 55.896530866622925, "validation/accuracy": 0.9602956033088998, "time/total": 2022.1749095916748, "time/evaluation": 27.8333158493042, "training/train_loss_mean": 0.0039963561452412, "training/train_loss_std": 0.034201457556622905, "training/accuracy": 0.9956140207580937, "iteration": 24}
{"time/training": 55.98351240158081, "validation/accuracy": 0.9416797280638685, "time/total": 2105.9719791412354, "time/evaluation": 27.813050031661987, "training/train_loss_mean": 0.007059858220281609, "training/train_loss_std": 0.04604581961919206, "training/accuracy": 0.9804642118942404, "iteration": 25}
{"time/training": 56.00090289115906, "validation/accuracy": 0.9621619232375149, "time/total": 2189.77077126503, "time/evaluation": 27.797366619110107, "training/train_loss_mean": 0.003248431799970711, "training/train_loss_std": 0.03175428307466329, "training/accuracy": 0.9919921956116677,