{"time/training": 41.268176555633545, "validation/accuracy": 0.3890231059157049, "time/total": 51.58346223831177, "time/evaluation": 10.315028190612793, "training/train_loss_mean": 0.34039851823660333, "training/train_loss_std": 0.2810466494300156, "training/accuracy": 0.3900879354040122, "iteration": 1}
{"time/training": 40.44547772407532, "validation/accuracy": 0.5162960923612017, "time/total": 102.96418857574463, "time/evaluation": 10.321815013885498, "training/train_loss_mean": 0.08776501401613547, "training/train_loss_std": 0.12448540393749317, "training/accuracy": 0.5288809786834927, "iteration": 2}
{"time/training": 40.3423228263855, "validation/accuracy": 0.6432804112651167, "time/total": 154.13103246688843, "time/evaluation": 10.345263004302979, "training/train_loss_mean": 0.05481172059525142, "training/train_loss_std": 0.09681391566073791, "training/accuracy": 0.6430610280058208, "iteration": 3}
{"time/training": 40.11431860923767, "validation/accuracy": 0.6903543596373126, "time/total": 205.0258343219757, "time/evaluation": 10.315463066101074, "training/train_loss_mean": 0.03376254013475529, "training/train_loss_std": 0.07262420416603918, "training/accuracy": 0.71319203669388, "iteration": 4}
{"time/training": 39.9627161026001, "validation/accuracy": 0.7963170693425758, "time/total": 255.80636501312256, "time/evaluation": 10.320553064346313, "training/train_loss_mean": 0.022349019152101763, "training/train_loss_std": 0.0627755546193636, "training/accuracy": 0.8243881560693254, "iteration": 5}
{"time/training": 39.848841428756714, "validation/accuracy": 0.9246687794737205, "time/total": 306.49313974380493, "time/evaluation": 10.337308406829834, "training/train_loss_mean": 0.015285397031500076, "training/train_loss_std": 0.05874700425659248, "training/accuracy": 0.9912881771986383, "iteration": 6}
{"time/training": 39.68766379356384, "validation/accuracy": 0.9334676904881812, "time/total": 357.00315117836, "time/evaluation": 10.321841716766357, "training/train_loss_mean": 0.008981844703349473, "training/train_loss_std": 0.04794674993941308, "training/accuracy": 0.9907423301801916, "iteration": 7}
{"time/training": 39.64555764198303, "validation/accuracy": 0.8945993263718555, "time/total": 407.46112537384033, "time/evaluation": 10.321372509002686, "training/train_loss_mean": 0.0027397909539612604, "training/train_loss_std": 0.0257401658242801, "training/accuracy": 0.9604258943224957, "iteration": 8}
{"time/training": 39.651708364486694, "validation/accuracy": 0.932280886864491, "time/total": 457.4458270072937, "time/evaluation": 10.332483768463135, "training/train_loss_mean": 0.004536144362918287, "training/train_loss_std": 0.03463328669120527, "training/accuracy": 0.994104649495217, "iteration": 9}
{"time/training": 39.683863401412964, "validation/accuracy": 0.9571605772451944, "time/total": 507.489972114563, "time/evaluation": 10.359709978103638, "training/train_loss_mean": 0.0066992872138416, "training/train_loss_std": 0.041849597995925955, "training/accuracy": 0.9945929287001188, "iteration": 10}
{"time/training": 39.689735412597656, "validation/accuracy": 0.8801736420370094, "time/total": 558.0114004611969, "time/evaluation": 10.346893072128296, "training/train_loss_mean": 0.003148967674588482, "training/train_loss_std": 0.028476849504656985, "training/accuracy": 0.9900803100345994, "iteration": 11}
{"time/training": 39.639413595199585, "validation/accuracy": 0.9189306485114453, "time/total": 607.941912651062, "time/evaluation": 10.290504932403564, "training/train_loss_mean": 0.003118687149171676, "training/train_loss_std": 0.028590508571601496, "training/accuracy": 0.9832767871134301, "iteration": 12}
{"time/training": 39.679073095321655, "validation/accuracy": 0.930707427060806, "time/total": 657.9590539932251, "time/evaluation": 10.337568998336792, "training/train_loss_mean": 0.0041968299168077886, "training/train_loss_std": 0.03531811203153589, "training/accuracy": 0.9962002323526848, "iteration": 13}
{"time/training": 39.6757230758667, "validation/accuracy": 0.9337903682862617, "time/total": 707.9830803871155, "time/evaluation": 10.347810745239258, "training/train_loss_mean": 0.00341778143507921, "training/train_loss_std": 0.029876764793092626, "training/accuracy": 0.9982829408846803, "iteration": 14}
{"time/training": 39.64136338233948, "validation/accuracy": 0.9243757872659994, "time/total": 757.9365396499634, "time/evaluation": 10.311573028564453, "training/train_loss_mean": 0.0027130531241244342, "training/train_loss_std": 0.027835577104485375, "training/accuracy": 0.9990868039380247, "iteration": 15}
{"time/training": 39.68052697181702, "validation/accuracy": 0.9469029975776511, "time/total": 807.945817232132, "time/evaluation": 10.32820177078247, "training/train_loss_mean": 0.003454625000408776, "training/train_loss_std": 0.033155535021444034, "training/accuracy": 0.9923462903898604, "iteration": 16}
{"time/training": 39.662209033966064, "validation/accuracy": 0.9203277997364621, "time/total": 857.9554772377014, "time/evaluation": 10.346935033798218, "training/train_loss_mean": 0.0014385460788280326, "training/train_loss_std": 0.017076692025569645, "training/accuracy": 0.9851522283448689, "iteration": 17}
{"time/training": 39.652772665023804, "validation/accuracy": 0.9500521022018068, "time/total": 907.9330670833588, "time/evaluation": 10.324162483215332, "training/train_loss_mean": 0.0013516868574700268, "training/train_loss_std": 0.01917099163223335, "training/accuracy": 1.0, "iteration": 18}
{"time/training": 39.655277967453, "validation/accuracy": 0.9416713625464066, "time/total": 957.9429173469543, "time/evaluation": 10.353980541229248, "training/train_loss_mean": 0.0009406896421955398, "training/train_loss_std": 0.0159193815516587, "training/accuracy": 0.9981921633709867, "iteration": 19}
{"time/training": 39.656415939331055, "validation/accuracy": 0.9335104758981867, "time/total": 1007.9249348640442, "time/evaluation": 10.32513976097107, "training/train_loss_mean": 0.00017719005677221733, "training/train_loss_std": 0.0030987560559514837, "training/accuracy": 0.9963026479262022, "iteration": 20}
{"time/training": 39.673391819000244, "validation/accuracy": 0.910943356894818, "time/total": 1057.9170722961426, "time/evaluation": 10.318099021911621, "training/train_loss_mean": 0.0001858603765709438, "training/train_loss_std": 0.0025726665261863796, "training/accuracy": 0.9733925549536732, "iteration": 21}
{"time/training": 39.662169456481934, "validation/accuracy": 0.9414430448474809, "time/total": 1107.9241738319397, "time/evaluation": 10.344425201416016, "training/train_loss_mean": 0.005479850804794131, "training/train_loss_std": 0.05957591604171653, "training/accuracy": 0.9970067093384009, "iteration": 22}
{"time/training": 39.664347648620605, "validation/accuracy": 0.9382633277964331, "time/total": 1157.942486524582, "time/evaluation": 10.35346245765686, "training/train_loss_mean": 0.0017716074603613809, "training/train_loss_std": 0.02134817963194697, "training/accuracy": 1.0, "iteration": 23}
{"time/training": 39.66480278968811, "validation/accuracy": 0.9304336085785444, "time/total": 1207.9440641403198, "time/evaluation": 10.33625340461731, "training/train_loss_mean": 0.0005281040849057911, "training/train_loss_std": 0.011710437864052535, "training/accuracy": 1.0, "iteration": 24}
{"time/training": 39.66976761817932, "validation/accuracy": 0.9357127798814776, "time/total": 1257.972850561142, "time/evaluation": 10.358481407165527, "training/train_loss_mean": 7.327583659754578e-06, "training/train_loss_std": 7.475473255791838e-06, "training/accuracy": 1.0, "iteration": 25}
{"time/training": 39.61002278327942, "validation/accuracy": 0.9394262750654067, "time/total": 1307.9356215000153, "time/evaluation": 10.352253437042236, "training/train_loss_mean": 5.012322538986635e-06, "training/train_loss_std": 5.007365849838605e-06, "training/accuracy": 1.0, "iteration": 26}
{"time/training": 39.651957988739014,