{"time/training": 18.748501539230347, "validation/accuracy": 0.37449179206842237, "time/total": 26.088959455490112, "time/evaluation": 7.340216159820557, "training/train_loss_mean": 0.4675167186816377, "training/train_loss_std": 0.2419236443475314, "training/accuracy": 0.37667592175409614, "iteration": 1}
{"time/training": 18.462160348892212, "validation/accuracy": 0.46597834565294705, "time/total": 51.78407382965088, "time/evaluation": 7.101234436035156, "training/train_loss_mean": 0.14883248090568021, "training/train_loss_std": 0.1660687035863642, "training/accuracy": 0.47222563017002556, "iteration": 2}
{"time/training": 18.51560664176941, "validation/accuracy": 0.5046167493426503, "time/total": 77.74979734420776, "time/evaluation": 7.356076240539551, "training/train_loss_mean": 0.086914869021133, "training/train_loss_std": 0.1152337481950962, "training/accuracy": 0.5265606350154598, "iteration": 3}
{"time/training": 18.41930079460144, "validation/accuracy": 0.5250647127874698, "time/total": 103.36312103271484, "time/evaluation": 7.09870457649231, "training/train_loss_mean": 0.06785047872227573, "training/train_loss_std": 0.11081227338829862, "training/accuracy": 0.5530676394785831, "iteration": 4}
{"time/training": 18.369856119155884, "validation/accuracy": 0.5430539622708956, "time/total": 129.1992871761322, "time/evaluation": 7.370724678039551, "training/train_loss_mean": 0.051875596056466806, "training/train_loss_std": 0.09195730791044181, "training/accuracy": 0.5990024050441718, "iteration": 5}
{"time/training": 18.341692209243774, "validation/accuracy": 0.6444988137708074, "time/total": 154.80145812034607, "time/evaluation": 7.166611433029175, "training/train_loss_mean": 0.0431225101001502, "training/train_loss_std": 0.08364387119404922, "training/accuracy": 0.6892444484429114, "iteration": 6}
{"time/training": 18.373714923858643, "validation/accuracy": 0.6588609211302213, "time/total": 180.60593008995056, "time/evaluation": 7.336764812469482, "training/train_loss_mean": 0.03386346179555174, "training/train_loss_std": 0.07578677585504051, "training/accuracy": 0.7380515159014089, "iteration": 7}
{"time/training": 18.38507318496704, "validation/accuracy": 0.7273469522070675, "time/total": 206.26264595985413, "time/evaluation": 7.1739115715026855, "training/train_loss_mean": 0.02889721273120555, "training/train_loss_std": 0.07490616618790862, "training/accuracy": 0.8102731497266408, "iteration": 8}
{"time/training": 18.24876856803894, "validation/accuracy": 0.8171586683078068, "time/total": 231.97819185256958, "time/evaluation": 7.37315821647644, "training/train_loss_mean": 0.027329269665883265, "training/train_loss_std": 0.07175461392939438, "training/accuracy": 0.8935769687267611, "iteration": 9}
{"time/training": 18.360671997070312, "validation/accuracy": 0.7948937195209812, "time/total": 257.59059834480286, "time/evaluation": 7.158013105392456, "training/train_loss_mean": 0.01740365491940628, "training/train_loss_std": 0.058859245085208046, "training/accuracy": 0.866727213088135, "iteration": 10}
{"time/training": 18.270766735076904, "validation/accuracy": 0.8126658082640799, "time/total": 283.21101903915405, "time/evaluation": 7.349238634109497, "training/train_loss_mean": 0.016922809212959206, "training/train_loss_std": 0.06752427390557775, "training/accuracy": 0.9202247980232006, "iteration": 11}
{"time/training": 18.29293203353882, "validation/accuracy": 0.8385098741525695, "time/total": 308.6642909049988, "time/evaluation": 7.159886121749878, "training/train_loss_mean": 0.015216618536827823, "training/train_loss_std": 0.06658587087271296, "training/accuracy": 0.9548396478964719, "iteration": 12}
{"time/training": 18.22704005241394, "validation/accuracy": 0.8686847934923441, "time/total": 334.3471574783325, "time/evaluation": 7.3607213497161865, "training/train_loss_mean": 0.010465357587287774, "training/train_loss_std": 0.051408728119874764, "training/accuracy": 0.9820919981652496, "iteration": 13}
{"time/training": 18.275474548339844, "validation/accuracy": 0.8531553798413812, "time/total": 359.83819031715393, "time/evaluation": 7.119952201843262, "training/train_loss_mean": 0.009815033671014056, "training/train_loss_std": 0.05113029840610644, "training/accuracy": 0.9287339627407292, "iteration": 14}
{"time/training": 18.276286125183105, "validation/accuracy": 0.9132174572920218, "time/total": 385.58961820602417, "time/evaluation": 7.474627733230591, "training/train_loss_mean": 0.00685746899662048, "training/train_loss_std": 0.04149803023681427, "training/accuracy": 0.9739362745266489, "iteration": 15}
{"time/training": 18.19206976890564, "validation/accuracy": 0.8863791065606146, "time/total": 411.0088677406311, "time/evaluation": 7.130790948867798, "training/train_loss_mean": 0.00923577436854351, "training/train_loss_std": 0.049635724700954696, "training/accuracy": 0.975915624240636, "iteration": 16}
{"time/training": 18.296186447143555, "validation/accuracy": 0.9150230349384307, "time/total": 436.64541363716125, "time/evaluation": 7.339879989624023, "training/train_loss_mean": 0.0043569988881180625, "training/train_loss_std": 0.0360708497180775, "training/accuracy": 0.9970007823623561, "iteration": 17}
{"time/training": 18.237525463104248, "validation/accuracy": 0.9138929369497554, "time/total": 462.1116704940796, "time/evaluation": 7.131166219711304, "training/train_loss_mean": 0.007900190236588655, "training/train_loss_std": 0.04148488467207708, "training/accuracy": 0.9939985532703218, "iteration": 18}
{"time/training": 18.212117195129395, "validation/accuracy": 0.9290791831485359, "time/total": 487.63630294799805, "time/evaluation": 7.31203031539917, "training/train_loss_mean": 0.005235079734528717, "training/train_loss_std": 0.03707409221794732, "training/accuracy": 0.9954282914711865, "iteration": 19}
{"time/training": 18.161317586898804, "validation/accuracy": 0.9146787143702056, "time/total": 513.0609636306763, "time/evaluation": 7.167490005493164, "training/train_loss_mean": 0.0023067497239792393, "training/train_loss_std": 0.023269264680179414, "training/accuracy": 0.9910720835997875, "iteration": 20}
{"time/training": 18.250618934631348, "validation/accuracy": 0.9079148322414563, "time/total": 538.6745748519897, "time/evaluation": 7.362490892410278, "training/train_loss_mean": 0.004917231453981104, "training/train_loss_std": 0.03706077876268563, "training/accuracy": 0.9919784935301601, "iteration": 21}
{"time/training": 18.225020170211792, "validation/accuracy": 0.9104936477795895, "time/total": 564.0034160614014, "time/evaluation": 7.103332757949829, "training/train_loss_mean": 0.003971453935841642, "training/train_loss_std": 0.03828511231146374, "training/accuracy": 0.9996114119912081, "iteration": 22}
{"time/training": 18.043911457061768, "validation/accuracy": 0.9197560967112468, "time/total": 589.3476357460022, "time/evaluation": 7.299739837646484, "training/train_loss_mean": 0.0006820085197153197, "training/train_loss_std": 0.015774622143203052, "training/accuracy": 0.9978198641104606, "iteration": 23}
{"time/training": 18.226502656936646, "validation/accuracy": 0.9206389093517287, "time/total": 614.6874763965607, "time/evaluation": 7.112900495529175, "training/train_loss_mean": 0.00657792188049417, "training/train_loss_std": 0.04552673053997728, "training/accuracy": 0.9934038986839351, "iteration": 24}
{"time/training": 18.197947025299072, "validation/accuracy": 0.912073593315775, "time/total": 640.2184791564941, "time/evaluation": 7.332574367523193, "training/train_loss_mean": 0.0034840535972891057, "training/train_loss_std": 0.03373933724414114, "training/accuracy": 0.9991866954602576, "iteration": 25}
{"time/training": 18.20144248008728, "validation/accuracy": 0.9287490019709072, "time/total": 665.5708949565887, "time/evaluation": 7.150461912155151, "training/train_loss_mean": 0.0019299137877162253, "training/train_loss_std": 0.027204572283712723, "training/accuracy": 0.9992242718875064,