{"time/training": 37.80384111404419, "validation/accuracy": 0.3866711286882076, "time/total": 57.10248327255249, "time/evaluation": 19.29838490486145, "training/train_loss_mean": 0.34625974488591293, "training/train_loss_std": 0.2772932678057803, "training/accuracy": 0.3883243542797167, "iteration": 1}
{"time/training": 37.598647117614746, "validation/accuracy": 0.48139485890453637, "time/total": 114.14978170394897, "time/evaluation": 19.305551052093506, "training/train_loss_mean": 0.1012394013247218, "training/train_loss_std": 0.13658098137346572, "training/accuracy": 0.4978490448484723, "iteration": 2}
{"time/training": 37.34690499305725, "validation/accuracy": 0.4844743582756344, "time/total": 170.9182300567627, "time/evaluation": 19.302019596099854, "training/train_loss_mean": 0.0840638852932153, "training/train_loss_std": 0.12133184480853094, "training/accuracy": 0.5061243912938516, "iteration": 3}
{"time/training": 37.365323305130005, "validation/accuracy": 0.525241142814801, "time/total": 227.7987117767334, "time/evaluation": 19.39646816253662, "training/train_loss_mean": 0.07447904492302167, "training/train_loss_std": 0.11730407286783949, "training/accuracy": 0.5454328500879685, "iteration": 4}
{"time/training": 37.49842071533203, "validation/accuracy": 0.5576320186659522, "time/total": 284.7541651725769, "time/evaluation": 19.336169958114624, "training/train_loss_mean": 0.07033747814405035, "training/train_loss_std": 0.1298782931264601, "training/accuracy": 0.5755210571242323, "iteration": 5}
{"time/training": 37.44624066352844, "validation/accuracy": 0.686015002366982, "time/total": 341.67232275009155, "time/evaluation": 19.355608224868774, "training/train_loss_mean": 0.04787066175637209, "training/train_loss_std": 0.10085005855349524, "training/accuracy": 0.7033011596148466, "iteration": 6}
{"time/training": 37.39036154747009, "validation/accuracy": 0.7719885161876205, "time/total": 398.48438715934753, "time/evaluation": 19.307914972305298, "training/train_loss_mean": 0.03866674659331879, "training/train_loss_std": 0.097364217970439, "training/accuracy": 0.8380535515133382, "iteration": 7}
{"time/training": 37.471829891204834, "validation/accuracy": 0.7631435428904649, "time/total": 455.39153122901917, "time/evaluation": 19.317769289016724, "training/train_loss_mean": 0.036142714254720334, "training/train_loss_std": 0.09217134784645878, "training/accuracy": 0.8575651922858663, "iteration": 8}
{"time/training": 37.391329765319824, "validation/accuracy": 0.8200277829793101, "time/total": 512.1619560718536, "time/evaluation": 19.378609895706177, "training/train_loss_mean": 0.026849830941414903, "training/train_loss_std": 0.07400292105021294, "training/accuracy": 0.9104111126579102, "iteration": 9}
{"time/training": 37.37522315979004, "validation/accuracy": 0.8211110699553709, "time/total": 568.9960663318634, "time/evaluation": 19.338823080062866, "training/train_loss_mean": 0.021284495299267462, "training/train_loss_std": 0.07208301955381671, "training/accuracy": 0.9153405053940922, "iteration": 10}
{"time/training": 37.44446396827698, "validation/accuracy": 0.8373309990366904, "time/total": 625.8846197128296, "time/evaluation": 19.32550072669983, "training/train_loss_mean": 0.015045873232953082, "training/train_loss_std": 0.05903102554869079, "training/accuracy": 0.9752782819929384, "iteration": 11}
{"time/training": 37.28183078765869, "validation/accuracy": 0.7734550572879672, "time/total": 682.551602602005, "time/evaluation": 19.265942573547363, "training/train_loss_mean": 0.01229906776723682, "training/train_loss_std": 0.05353277863046436, "training/accuracy": 0.8955292461417745, "iteration": 12}
{"time/training": 37.25687623023987, "validation/accuracy": 0.9110789216604044, "time/total": 739.1228382587433, "time/evaluation": 19.313859462738037, "training/train_loss_mean": 0.011062674830160305, "training/train_loss_std": 0.0523207893691287, "training/accuracy": 0.9913155000899078, "iteration": 13}
{"time/training": 37.39251780509949, "validation/accuracy": 0.918172550591407, "time/total": 795.9629571437836, "time/evaluation": 19.32119345664978, "training/train_loss_mean": 0.009931898584456905, "training/train_loss_std": 0.050907753173165995, "training/accuracy": 0.986005139886273, "iteration": 14}
{"time/training": 37.2552330493927, "validation/accuracy": 0.8972285433254535, "time/total": 852.6508014202118, "time/evaluation": 19.306194305419922, "training/train_loss_mean": 0.006341406216119154, "training/train_loss_std": 0.0428339483084569, "training/accuracy": 0.9883720091347248, "iteration": 15}
{"time/training": 37.15247416496277, "validation/accuracy": 0.9463083125696887, "time/total": 909.1370887756348, "time/evaluation": 19.333324193954468, "training/train_loss_mean": 0.01023065265214864, "training/train_loss_std": 0.05727249773209895, "training/accuracy": 0.9955455933553623, "iteration": 16}
{"time/training": 37.23003101348877, "validation/accuracy": 0.9416329819308149, "time/total": 965.8731122016907, "time/evaluation": 19.388036251068115, "training/train_loss_mean": 0.010187105448838295, "training/train_loss_std": 0.05682384723437735, "training/accuracy": 0.9667401507207394, "iteration": 17}
{"time/training": 37.2267529964447, "validation/accuracy": 0.951921476311807, "time/total": 1022.44127368927, "time/evaluation": 19.340935707092285, "training/train_loss_mean": 0.005295240570287535, "training/train_loss_std": 0.03909604425310272, "training/accuracy": 0.9795132329206012, "iteration": 18}
{"time/training": 37.142971992492676, "validation/accuracy": 0.9429981536286467, "time/total": 1079.015064716339, "time/evaluation": 19.304770946502686, "training/train_loss_mean": 0.007402875519310185, "training/train_loss_std": 0.045678707281311015, "training/accuracy": 0.9803273739877936, "iteration": 19}
{"time/training": 37.13498044013977, "validation/accuracy": 0.9401533932349911, "time/total": 1135.426632642746, "time/evaluation": 19.27604341506958, "training/train_loss_mean": 0.0036067652360650855, "training/train_loss_std": 0.0335390732429663, "training/accuracy": 0.9999500536558109, "iteration": 20}
{"time/training": 37.09286379814148, "validation/accuracy": 0.9155058358332898, "time/total": 1191.801998615265, "time/evaluation": 19.28205633163452, "training/train_loss_mean": 0.003548643170551094, "training/train_loss_std": 0.03602586363094475, "training/accuracy": 0.9967935315202501, "iteration": 21}
{"time/training": 37.04153895378113, "validation/accuracy": 0.9607653352100913, "time/total": 1248.1555874347687, "time/evaluation": 19.311544179916382, "training/train_loss_mean": 0.0024646836357733693, "training/train_loss_std": 0.02905795152890788, "training/accuracy": 0.9940005639835565, "iteration": 22}
{"time/training": 37.15823435783386, "validation/accuracy": 0.9477993604367541, "time/total": 1304.6730408668518, "time/evaluation": 19.2428617477417, "training/train_loss_mean": 0.006910538621384227, "training/train_loss_std": 0.050695575038365685, "training/accuracy": 0.9995282189759062, "iteration": 23}
{"time/training": 37.07124185562134, "validation/accuracy": 0.9544860528649745, "time/total": 1360.984780073166, "time/evaluation": 19.240036964416504, "training/train_loss_mean": 0.004693233414940278, "training/train_loss_std": 0.038421727070351845, "training/accuracy": 0.9978845346900134, "iteration": 24}
{"time/training": 37.009849309921265, "validation/accuracy": 0.8882048547400876, "time/total": 1417.2547345161438, "time/evaluation": 19.259593725204468, "training/train_loss_mean": 0.002790277403254027, "training/train_loss_std": 0.030536501251456964, "training/accuracy": 0.97506234011088, "iteration": 25}
{"time/training": 37.093100786209106, "validation/accuracy": 0.9322875366000082, "time/total": 1473.647058725357, "time/evaluation": 19.298689365386963, "training/train_loss_mean": 0.0019192796614638287, "training/train_loss_std": 0.020855661655239895, "training/accuracy": 0.9950254497691094,