{"time/training": 17.179929494857788, "validation/accuracy": 0.37659432838387186, "time/total": 24.747143507003784, "time/evaluation": 7.566970348358154, "training/train_loss_mean": 0.5129114210429624, "training/train_loss_std": 0.29272007813470396, "training/accuracy": 0.37980802308907696, "iteration": 1}
{"time/training": 17.05671453475952, "validation/accuracy": 0.38914819327038863, "time/total": 49.012397050857544, "time/evaluation": 7.085649728775024, "training/train_loss_mean": 0.19041678708955997, "training/train_loss_std": 0.18559063111794272, "training/accuracy": 0.3903585158684247, "iteration": 2}
{"time/training": 16.91881799697876, "validation/accuracy": 0.4914420435185022, "time/total": 73.59812521934509, "time/evaluation": 7.581820011138916, "training/train_loss_mean": 0.12026305512165812, "training/train_loss_std": 0.14281887630057896, "training/accuracy": 0.5003040099890115, "iteration": 3}
{"time/training": 16.823212385177612, "validation/accuracy": 0.5066763452004066, "time/total": 97.60322999954224, "time/evaluation": 7.087872266769409, "training/train_loss_mean": 0.09175726179451513, "training/train_loss_std": 0.1278617589330883, "training/accuracy": 0.522385980219883, "iteration": 4}
{"time/training": 16.77879500389099, "validation/accuracy": 0.5140460118622391, "time/total": 122.02581405639648, "time/evaluation": 7.548127174377441, "training/train_loss_mean": 0.06599127865482605, "training/train_loss_std": 0.10575247326657466, "training/accuracy": 0.5337016126673931, "iteration": 5}
{"time/training": 16.717466592788696, "validation/accuracy": 0.525589124440004, "time/total": 145.84916615486145, "time/evaluation": 7.014777183532715, "training/train_loss_mean": 0.046684613095286605, "training/train_loss_std": 0.0856467007501288, "training/accuracy": 0.5473730893173302, "iteration": 6}
{"time/training": 16.671569108963013, "validation/accuracy": 0.5045887261200124, "time/total": 170.06998419761658, "time/evaluation": 7.442188739776611, "training/train_loss_mean": 0.04643007175236992, "training/train_loss_std": 0.09505304669756566, "training/accuracy": 0.5186561865424628, "iteration": 7}
{"time/training": 16.678712844848633, "validation/accuracy": 0.6739898884896248, "time/total": 193.81982350349426, "time/evaluation": 7.0705788135528564, "training/train_loss_mean": 0.028195382072681956, "training/train_loss_std": 0.06670630578015821, "training/accuracy": 0.7169630047837579, "iteration": 8}
{"time/training": 16.597130060195923, "validation/accuracy": 0.6742533117081474, "time/total": 218.0383219718933, "time/evaluation": 7.528541088104248, "training/train_loss_mean": 0.02000876968368103, "training/train_loss_std": 0.05423318040978949, "training/accuracy": 0.731252956001607, "iteration": 9}
{"time/training": 16.75963282585144, "validation/accuracy": 0.7710808877952601, "time/total": 242.0231420993805, "time/evaluation": 7.13221287727356, "training/train_loss_mean": 0.020134379229197592, "training/train_loss_std": 0.06105839531720268, "training/accuracy": 0.8986181885977569, "iteration": 10}
{"time/training": 16.56620168685913, "validation/accuracy": 0.8377753714635631, "time/total": 266.11729097366333, "time/evaluation": 7.435653448104858, "training/train_loss_mean": 0.01118223184911492, "training/train_loss_std": 0.04166125145153888, "training/accuracy": 0.892380288078051, "iteration": 11}
{"time/training": 16.69058847427368, "validation/accuracy": 0.8721010780378396, "time/total": 289.9154624938965, "time/evaluation": 7.017175912857056, "training/train_loss_mean": 0.008035676421308395, "training/train_loss_std": 0.04054910228864345, "training/accuracy": 0.9870564437124074, "iteration": 12}
{"time/training": 16.534311294555664, "validation/accuracy": 0.8781919564281371, "time/total": 313.94316053390503, "time/evaluation": 7.399368524551392, "training/train_loss_mean": 0.005322543291538206, "training/train_loss_std": 0.03635884015386962, "training/accuracy": 0.9885536321557966, "iteration": 13}
{"time/training": 16.605303287506104, "validation/accuracy": 0.8195258123370175, "time/total": 337.65224742889404, "time/evaluation": 7.007646083831787, "training/train_loss_mean": 0.005870653099881615, "training/train_loss_std": 0.03786423256108574, "training/accuracy": 0.9294384574174186, "iteration": 14}
{"time/training": 16.50719666481018, "validation/accuracy": 0.9051328609471166, "time/total": 361.4616379737854, "time/evaluation": 7.301710844039917, "training/train_loss_mean": 0.0045431688064012645, "training/train_loss_std": 0.03447480780891858, "training/accuracy": 0.9947705296884664, "iteration": 15}
{"time/training": 16.54718804359436, "validation/accuracy": 0.8803631871454025, "time/total": 385.1646227836609, "time/evaluation": 7.065426349639893, "training/train_loss_mean": 0.0028116510631919903, "training/train_loss_std": 0.030960337181486417, "training/accuracy": 0.9983923643721605, "iteration": 16}
{"time/training": 16.698809385299683, "validation/accuracy": 0.9013676892650679, "time/total": 409.31986451148987, "time/evaluation": 7.455913782119751, "training/train_loss_mean": 0.0043844292871911845, "training/train_loss_std": 0.03526705041904631, "training/accuracy": 0.9763472812001049, "iteration": 17}
{"time/training": 16.67970108985901, "validation/accuracy": 0.8962429246470656, "time/total": 433.09571981430054, "time/evaluation": 7.0956926345825195, "training/train_loss_mean": 0.0046897268416005965, "training/train_loss_std": 0.035624305879075224, "training/accuracy": 0.9966369455927883, "iteration": 18}
{"time/training": 16.652844429016113, "validation/accuracy": 0.9123587328577765, "time/total": 457.1277539730072, "time/evaluation": 7.378697872161865, "training/train_loss_mean": 0.002784045002351384, "training/train_loss_std": 0.027098755093523587, "training/accuracy": 0.9947271739054727, "iteration": 19}
{"time/training": 16.65990138053894, "validation/accuracy": 0.9018862484842547, "time/total": 480.9793486595154, "time/evaluation": 7.096250534057617, "training/train_loss_mean": 0.002171073088011756, "training/train_loss_std": 0.025215034274554668, "training/accuracy": 0.9983923643721605, "iteration": 20}
{"time/training": 16.628823280334473, "validation/accuracy": 0.9308110795440504, "time/total": 505.0116069316864, "time/evaluation": 7.402972221374512, "training/train_loss_mean": 0.002398833636064188, "training/train_loss_std": 0.02584114872031819, "training/accuracy": 0.9921434175369447, "iteration": 21}
{"time/training": 16.674734592437744, "validation/accuracy": 0.9290313088245012, "time/total": 528.8926122188568, "time/evaluation": 7.120312929153442, "training/train_loss_mean": 0.0024614686561079454, "training/train_loss_std": 0.029432104891045256, "training/accuracy": 0.9983923643721605, "iteration": 22}
{"time/training": 16.54485559463501, "validation/accuracy": 0.9386153896501506, "time/total": 552.9629726409912, "time/evaluation": 7.525098562240601, "training/train_loss_mean": 0.002312715642051265, "training/train_loss_std": 0.024334932160409148, "training/accuracy": 0.9983923643721605, "iteration": 23}
{"time/training": 16.759106636047363, "validation/accuracy": 0.9335046131889453, "time/total": 576.868777513504, "time/evaluation": 7.059882640838623, "training/train_loss_mean": 0.0013842525248438456, "training/train_loss_std": 0.020219609843488678, "training/accuracy": 0.9983424180279936, "iteration": 24}
{"time/training": 16.65755295753479, "validation/accuracy": 0.9276096253457119, "time/total": 601.039272069931, "time/evaluation": 7.512299537658691, "training/train_loss_mean": 0.004534422459050623, "training/train_loss_std": 0.03325934296846381, "training/accuracy": 0.9983923643721605, "iteration": 25}
{"time/training": 16.69986367225647, "validation/accuracy": 0.9009603617440588, "time/total": 624.7880058288574, "time/evaluation": 7.048413515090942, "training/train_loss_mean": 0.0018451155135719133, "training/train_loss_std": 0.02006120120509076, "training/accuracy": 0.9952622907619986,