{"time/training": 59.61875796318054, "validation/accuracy": 0.40375980124872324, "time/total": 82.69653797149658, "time/evaluation": 23.077507257461548, "training/train_loss_mean": 0.2862106681467716, "training/train_loss_std": 0.27201370043387224, "training/accuracy": 0.4170447063914959, "iteration": 1}
{"time/training": 59.41107988357544, "validation/accuracy": 0.5066433754558075, "time/total": 165.85944962501526, "time/evaluation": 23.126792669296265, "training/train_loss_mean": 0.09021532691453261, "training/train_loss_std": 0.11892675847655769, "training/accuracy": 0.5257676924016345, "iteration": 2}
{"time/training": 58.96642994880676, "validation/accuracy": 0.4706352780032751, "time/total": 248.41686034202576, "time/evaluation": 23.10268497467041, "training/train_loss_mean": 0.0587786384163824, "training/train_loss_std": 0.0985518339213007, "training/accuracy": 0.4953129486019471, "iteration": 3}
{"time/training": 58.76661443710327, "validation/accuracy": 0.7269132238905598, "time/total": 330.29666686058044, "time/evaluation": 23.11265778541565, "training/train_loss_mean": 0.03499849592901557, "training/train_loss_std": 0.08254417932063776, "training/accuracy": 0.8133469329968317, "iteration": 4}
{"time/training": 58.69384264945984, "validation/accuracy": 0.8054179819914558, "time/total": 412.57856464385986, "time/evaluation": 23.086053371429443, "training/train_loss_mean": 0.023066093390060435, "training/train_loss_std": 0.07107584968434767, "training/accuracy": 0.898277902283701, "iteration": 5}
{"time/training": 58.66309952735901, "validation/accuracy": 0.8336234380417034, "time/total": 494.9675314426422, "time/evaluation": 23.182340145111084, "training/train_loss_mean": 0.016724059292572223, "training/train_loss_std": 0.05969410500116623, "training/accuracy": 0.9052992056825635, "iteration": 6}
{"time/training": 58.42456293106079, "validation/accuracy": 0.7972758227167743, "time/total": 577.0413520336151, "time/evaluation": 23.14210844039917, "training/train_loss_mean": 0.013822571374481686, "training/train_loss_std": 0.05830409074718585, "training/accuracy": 0.857275795833756, "iteration": 7}
{"time/training": 58.41309833526611, "validation/accuracy": 0.8884664925124526, "time/total": 658.5672714710236, "time/evaluation": 23.112321615219116, "training/train_loss_mean": 0.00854732650267414, "training/train_loss_std": 0.04745874973021752, "training/accuracy": 0.9863848760109025, "iteration": 8}
{"time/training": 58.300562381744385, "validation/accuracy": 0.907416228442045, "time/total": 740.4194626808167, "time/evaluation": 23.04292130470276, "training/train_loss_mean": 0.005266370083336369, "training/train_loss_std": 0.03895963772037714, "training/accuracy": 0.9879191244344245, "iteration": 9}
{"time/training": 58.429707050323486, "validation/accuracy": 0.8938114574052278, "time/total": 822.6002798080444, "time/evaluation": 23.238792657852173, "training/train_loss_mean": 0.0047415005383715375, "training/train_loss_std": 0.03571197604392001, "training/accuracy": 0.9932621975901064, "iteration": 10}
{"time/training": 58.542890548706055, "validation/accuracy": 0.8880903606780098, "time/total": 904.3956968784332, "time/evaluation": 23.252062559127808, "training/train_loss_mean": 0.004676032939959993, "training/train_loss_std": 0.03712701956014939, "training/accuracy": 0.9885405797275084, "iteration": 11}
{"time/training": 58.52515387535095, "validation/accuracy": 0.9044513070432713, "time/total": 986.1569526195526, "time/evaluation": 23.23559021949768, "training/train_loss_mean": 0.002656043925355878, "training/train_loss_std": 0.024545969430119215, "training/accuracy": 0.9972338007147352, "iteration": 12}
{"time/training": 58.51025128364563, "validation/accuracy": 0.930842012719084, "time/total": 1067.9249255657196, "time/evaluation": 23.257231950759888, "training/train_loss_mean": 0.005010702657845408, "training/train_loss_std": 0.04085830464788892, "training/accuracy": 0.9906592284765553, "iteration": 13}
{"time/training": 58.59900188446045, "validation/accuracy": 0.8767678066399347, "time/total": 1150.420999288559, "time/evaluation": 23.387900352478027, "training/train_loss_mean": 0.0062424981255862514, "training/train_loss_std": 0.04508466054714086, "training/accuracy": 0.9866435521521109, "iteration": 14}
{"time/training": 58.442448139190674, "validation/accuracy": 0.9131082753649272, "time/total": 1232.1529772281647, "time/evaluation": 23.289017915725708, "training/train_loss_mean": 0.0031814422758328674, "training/train_loss_std": 0.02788940429472525, "training/accuracy": 0.9998001106444928, "iteration": 15}
{"time/training": 58.48043346405029, "validation/accuracy": 0.910716664106072, "time/total": 1313.9857006072998, "time/evaluation": 23.35179877281189, "training/train_loss_mean": 0.002439683207387678, "training/train_loss_std": 0.02228995003250823, "training/accuracy": 0.9854945521461971, "iteration": 16}
{"time/training": 58.62751650810242, "validation/accuracy": 0.9201151677773363, "time/total": 1395.930822610855, "time/evaluation": 23.316981077194214, "training/train_loss_mean": 0.005261880289872638, "training/train_loss_std": 0.04220710179614486, "training/accuracy": 0.996758922875714, "iteration": 17}
{"time/training": 58.608689069747925, "validation/accuracy": 0.9098484831483745, "time/total": 1477.8292245864868, "time/evaluation": 23.28914499282837, "training/train_loss_mean": 3.5914104094223064e-05, "training/train_loss_std": 0.0001042933396522226, "training/accuracy": 0.9916973648802762, "iteration": 18}
{"time/training": 58.538968324661255, "validation/accuracy": 0.9258343560548081, "time/total": 1559.659963130951, "time/evaluation": 23.291172981262207, "training/train_loss_mean": 0.0009323108021799558, "training/train_loss_std": 0.016788026504103916, "training/accuracy": 1.0, "iteration": 19}
{"time/training": 58.635828733444214, "validation/accuracy": 0.9238777811924248, "time/total": 1641.6257038116455, "time/evaluation": 23.329359531402588, "training/train_loss_mean": 4.6913602197606434e-05, "training/train_loss_std": 0.0004961941731751164, "training/accuracy": 0.9966895911795209, "iteration": 20}
{"time/training": 58.5336594581604, "validation/accuracy": 0.9143223484486886, "time/total": 1723.4812281131744, "time/evaluation": 23.321312427520752, "training/train_loss_mean": 0.0009286185779922196, "training/train_loss_std": 0.013949760918462457, "training/accuracy": 0.9983828688080656, "iteration": 21}
{"time/training": 58.558303117752075, "validation/accuracy": 0.8800757329777561, "time/total": 1805.4701466560364, "time/evaluation": 23.430009603500366, "training/train_loss_mean": 0.0029587000868660854, "training/train_loss_std": 0.028594163196215862, "training/accuracy": 0.9949857440203955, "iteration": 22}
{"time/training": 58.592384576797485, "validation/accuracy": 0.9289695949242981, "time/total": 1887.4304621219635, "time/evaluation": 23.367432594299316, "training/train_loss_mean": 0.002543759398106055, "training/train_loss_std": 0.030979144354854698, "training/accuracy": 1.0, "iteration": 23}
{"time/training": 58.430076599121094, "validation/accuracy": 0.9294895542854427, "time/total": 1969.1459794044495, "time/evaluation": 23.284895181655884, "training/train_loss_mean": 0.00034273487660086864, "training/train_loss_std": 0.00834876586600145, "training/accuracy": 0.9985180716278672, "iteration": 24}
{"time/training": 58.46307897567749, "validation/accuracy": 0.9402311520923522, "time/total": 2050.950662612915, "time/evaluation": 23.34103298187256, "training/train_loss_mean": 0.004473338046702694, "training/train_loss_std": 0.04049248284677978, "training/accuracy": 0.9979596062976258, "iteration": 25}
{"time/training": 58.52212882041931, "validation/accuracy": 0.9227235258844628, "time/total": 2133.3560693264008, "time/evaluation": 23.368062734603882, "training/train_loss_mean": 0.0012441765992507695, "training/train_loss_std": 0.01978981623184263, "training/accuracy": 0.9983328872174738,