{"time/training": 24.197088718414307, "validation/accuracy": 0.3831682369848525, "time/total": 31.808147192001343, "time/evaluation": 7.610819339752197, "training/train_loss_mean": 0.4086498947344779, "training/train_loss_std": 0.2608253054953258, "training/accuracy": 0.3848056174788626, "iteration": 1}
{"time/training": 23.790449142456055, "validation/accuracy": 0.38388211035339675, "time/total": 63.45483207702637, "time/evaluation": 7.6153295040130615, "training/train_loss_mean": 0.14456848084200613, "training/train_loss_std": 0.15572363134726874, "training/accuracy": 0.3893818975576623, "iteration": 2}
{"time/training": 23.78996753692627, "validation/accuracy": 0.5101582697697384, "time/total": 95.02930569648743, "time/evaluation": 7.606462478637695, "training/train_loss_mean": 0.0792517395795499, "training/train_loss_std": 0.11655004846188266, "training/accuracy": 0.5324677805170662, "iteration": 3}
{"time/training": 23.679715633392334, "validation/accuracy": 0.5318092518101141, "time/total": 126.47725653648376, "time/evaluation": 7.591181993484497, "training/train_loss_mean": 0.05524114011246051, "training/train_loss_std": 0.0917696360887187, "training/accuracy": 0.5561434468433385, "iteration": 4}
{"time/training": 23.59135913848877, "validation/accuracy": 0.6583574305041557, "time/total": 157.87809085845947, "time/evaluation": 7.6315882205963135, "training/train_loss_mean": 0.044249116059477026, "training/train_loss_std": 0.09123331935433383, "training/accuracy": 0.6871332509836559, "iteration": 5}
{"time/training": 23.564940929412842, "validation/accuracy": 0.774861144959664, "time/total": 189.2399411201477, "time/evaluation": 7.6203293800354, "training/train_loss_mean": 0.028563418594261404, "training/train_loss_std": 0.07312180054532805, "training/accuracy": 0.8635407972568059, "iteration": 6}
{"time/training": 23.52860450744629, "validation/accuracy": 0.8555366269316489, "time/total": 220.61033248901367, "time/evaluation": 7.663377523422241, "training/train_loss_mean": 0.02197533761818919, "training/train_loss_std": 0.07181259749583388, "training/accuracy": 0.9010432197290026, "iteration": 7}
{"time/training": 23.446191549301147, "validation/accuracy": 0.8583417245718363, "time/total": 251.82885885238647, "time/evaluation": 7.591593027114868, "training/train_loss_mean": 0.01586960476985743, "training/train_loss_std": 0.05998642673766098, "training/accuracy": 0.9590547567180068, "iteration": 8}
{"time/training": 23.295701026916504, "validation/accuracy": 0.8950746526579447, "time/total": 282.8895032405853, "time/evaluation": 7.584170579910278, "training/train_loss_mean": 0.010828238737240743, "training/train_loss_std": 0.049368129384910815, "training/accuracy": 0.9704185675302626, "iteration": 9}
{"time/training": 23.348548412322998, "validation/accuracy": 0.8646088712699651, "time/total": 314.02056097984314, "time/evaluation": 7.6032633781433105, "training/train_loss_mean": 0.00801230678959877, "training/train_loss_std": 0.044254192310654104, "training/accuracy": 0.9510262373434367, "iteration": 10}
{"time/training": 23.4176664352417, "validation/accuracy": 0.9055573635244073, "time/total": 345.0352349281311, "time/evaluation": 7.59642481803894, "training/train_loss_mean": 0.009510408044939606, "training/train_loss_std": 0.05286655296033405, "training/accuracy": 0.9732943023858572, "iteration": 11}
{"time/training": 23.36948037147522, "validation/accuracy": 0.8807869650164261, "time/total": 376.18744230270386, "time/evaluation": 7.596583366394043, "training/train_loss_mean": 0.010487393559679465, "training/train_loss_std": 0.054072801512299165, "training/accuracy": 0.9879331185351969, "iteration": 12}
{"time/training": 23.334656238555908, "validation/accuracy": 0.9035087479131985, "time/total": 407.14781069755554, "time/evaluation": 7.625281095504761, "training/train_loss_mean": 0.007252126116678325, "training/train_loss_std": 0.04626621098161296, "training/accuracy": 0.9870066788555187, "iteration": 13}
{"time/training": 23.412143230438232, "validation/accuracy": 0.8857038706337654, "time/total": 438.159316778183, "time/evaluation": 7.598942518234253, "training/train_loss_mean": 0.005900172394006325, "training/train_loss_std": 0.04114521103906414, "training/accuracy": 0.9900607452681006, "iteration": 14}
{"time/training": 23.38670301437378, "validation/accuracy": 0.8825684715092953, "time/total": 469.16188311576843, "time/evaluation": 7.6154234409332275, "training/train_loss_mean": 0.006466502544571995, "training/train_loss_std": 0.048032963983740566, "training/accuracy": 0.9897959964259263, "iteration": 15}
{"time/training": 23.25390338897705, "validation/accuracy": 0.9034201394728847, "time/total": 500.00680232048035, "time/evaluation": 7.590565204620361, "training/train_loss_mean": 0.0048178676049698025, "training/train_loss_std": 0.03681202564215313, "training/accuracy": 0.992545766566385, "iteration": 16}
{"time/training": 23.370031118392944, "validation/accuracy": 0.8889354275176146, "time/total": 531.0148849487305, "time/evaluation": 7.637634038925171, "training/train_loss_mean": 0.004506087943268289, "training/train_loss_std": 0.03325283040621161, "training/accuracy": 0.9941031168190317, "iteration": 17}
{"time/training": 23.37733006477356, "validation/accuracy": 0.9264915490457788, "time/total": 561.9665801525116, "time/evaluation": 7.573750972747803, "training/train_loss_mean": 0.006338373452617959, "training/train_loss_std": 0.041812022260297316, "training/accuracy": 0.9983176500458418, "iteration": 18}
{"time/training": 23.382906436920166, "validation/accuracy": 0.9010213361545929, "time/total": 593.1808054447174, "time/evaluation": 7.647994756698608, "training/train_loss_mean": 0.002113228200402422, "training/train_loss_std": 0.02315406834988842, "training/accuracy": 0.9983424180279936, "iteration": 19}
{"time/training": 23.36603808403015, "validation/accuracy": 0.906298846197744, "time/total": 624.1571660041809, "time/evaluation": 7.609867811203003, "training/train_loss_mean": 0.0019504067951649315, "training/train_loss_std": 0.02265233430353803, "training/accuracy": 0.9951932004059809, "iteration": 20}
{"time/training": 23.389593839645386, "validation/accuracy": 0.8832182048631424, "time/total": 655.1720411777496, "time/evaluation": 7.62479305267334, "training/train_loss_mean": 0.004234203690851954, "training/train_loss_std": 0.034588522682648545, "training/accuracy": 0.9937351907748736, "iteration": 21}
{"time/training": 23.382274627685547, "validation/accuracy": 0.7996312652434947, "time/total": 686.1310594081879, "time/evaluation": 7.5762412548065186, "training/train_loss_mean": 0.00232176148428668, "training/train_loss_std": 0.023437206877900636, "training/accuracy": 0.902203127824027, "iteration": 22}
{"time/training": 23.266854763031006, "validation/accuracy": 0.9136922304252293, "time/total": 716.9715156555176, "time/evaluation": 7.573040723800659, "training/train_loss_mean": 0.0010276712610376543, "training/train_loss_std": 0.012984410115999169, "training/accuracy": 0.9983923643721605, "iteration": 23}
{"time/training": 23.389437913894653, "validation/accuracy": 0.9180104715915764, "time/total": 747.9442286491394, "time/evaluation": 7.582837104797363, "training/train_loss_mean": 0.0013974960202563303, "training/train_loss_std": 0.024835126468076153, "training/accuracy": 1.0, "iteration": 24}
{"time/training": 23.381696939468384, "validation/accuracy": 0.9259985722060531, "time/total": 778.9103002548218, "time/evaluation": 7.583944797515869, "training/train_loss_mean": 1.855239444749735e-05, "training/train_loss_std": 6.516470314135283e-05, "training/accuracy": 1.0, "iteration": 25}
{"time/training": 23.312402963638306, "validation/accuracy": 0.9189946764709289, "time/total": 809.8032834529877, "time/evaluation": 7.580123424530029, "training/train_loss_mean": 9.178784742067278e-06, "training/train_loss_std": 1.1873787586674722e-05, "training/accuracy": 1.0, "iteration": 26}
{"time/training": 23.3259494304657,