{"time/training": 22.492480516433716, "validation/accuracy": 0.374873706065748, "time/total": 32.164939641952515, "time/evaluation": 9.672211647033691, "training/train_loss_mean": 0.4054680134147758, "training/train_loss_std": 0.2767955277400413, "training/accuracy": 0.37742010104715845, "iteration": 1}
{"time/training": 22.359084367752075, "validation/accuracy": 0.47489746712079717, "time/total": 64.35344982147217, "time/evaluation": 9.693150758743286, "training/train_loss_mean": 0.1327617676338313, "training/train_loss_std": 0.14520631279171367, "training/accuracy": 0.4803022543061787, "iteration": 2}
{"time/training": 22.346080541610718, "validation/accuracy": 0.5051568766313237, "time/total": 96.47543907165527, "time/evaluation": 9.67892861366272, "training/train_loss_mean": 0.0795930967606626, "training/train_loss_std": 0.11265265514611271, "training/accuracy": 0.5313098672586704, "iteration": 3}
{"time/training": 22.306848287582397, "validation/accuracy": 0.5066772469788731, "time/total": 128.59288501739502, "time/evaluation": 9.711784601211548, "training/train_loss_mean": 0.06345628354946833, "training/train_loss_std": 0.1070512012734878, "training/accuracy": 0.5345861442820914, "iteration": 4}
{"time/training": 22.319271564483643, "validation/accuracy": 0.6172169195722466, "time/total": 160.68559503555298, "time/evaluation": 9.675293445587158, "training/train_loss_mean": 0.05494887434742707, "training/train_loss_std": 0.09746393833128462, "training/accuracy": 0.6591571109489133, "iteration": 5}
{"time/training": 22.068576335906982, "validation/accuracy": 0.6711662401031712, "time/total": 192.48022532463074, "time/evaluation": 9.627638816833496, "training/train_loss_mean": 0.04184750530467273, "training/train_loss_std": 0.09156010571274764, "training/accuracy": 0.7076327289716626, "iteration": 6}
{"time/training": 22.126341581344604, "validation/accuracy": 0.6549616881819272, "time/total": 224.32386827468872, "time/evaluation": 9.615157127380371, "training/train_loss_mean": 0.033553775888821843, "training/train_loss_std": 0.07755171870858696, "training/accuracy": 0.7152473549091014, "iteration": 7}
{"time/training": 22.0976881980896, "validation/accuracy": 0.7170170635347513, "time/total": 256.0689492225647, "time/evaluation": 9.646897554397583, "training/train_loss_mean": 0.026244558608384004, "training/train_loss_std": 0.07349385258244204, "training/accuracy": 0.8128801007985613, "iteration": 8}
{"time/training": 22.168540477752686, "validation/accuracy": 0.7114674839578198, "time/total": 288.02129077911377, "time/evaluation": 9.684487342834473, "training/train_loss_mean": 0.018953866608359293, "training/train_loss_std": 0.059775149598244134, "training/accuracy": 0.73097947029649, "iteration": 9}
{"time/training": 22.1898353099823, "validation/accuracy": 0.7839805474268309, "time/total": 319.8497006893158, "time/evaluation": 9.638094186782837, "training/train_loss_mean": 0.017516266408822808, "training/train_loss_std": 0.06211605390347304, "training/accuracy": 0.890391877578377, "iteration": 10}
{"time/training": 21.999825477600098, "validation/accuracy": 0.8382185159258887, "time/total": 351.56059432029724, "time/evaluation": 9.612783908843994, "training/train_loss_mean": 0.013746774646473725, "training/train_loss_std": 0.06032653588739393, "training/accuracy": 0.9610104892625436, "iteration": 11}
{"time/training": 22.013850927352905, "validation/accuracy": 0.8521291230433654, "time/total": 383.2676374912262, "time/evaluation": 9.598735094070435, "training/train_loss_mean": 0.00944339243613672, "training/train_loss_std": 0.04511032650683372, "training/accuracy": 0.9861660724555517, "iteration": 12}
{"time/training": 21.89211869239807, "validation/accuracy": 0.8057193772084187, "time/total": 414.88548469543457, "time/evaluation": 9.629065752029419, "training/train_loss_mean": 0.0073793927753343265, "training/train_loss_std": 0.046032050898557914, "training/accuracy": 0.950072475047506, "iteration": 13}
{"time/training": 22.005240201950073, "validation/accuracy": 0.8452336597210655, "time/total": 446.57754921913147, "time/evaluation": 9.68623971939087, "training/train_loss_mean": 0.0074453173920248205, "training/train_loss_std": 0.04503406443288358, "training/accuracy": 0.9679070042406128, "iteration": 14}
{"time/training": 22.051425218582153, "validation/accuracy": 0.835403484613078, "time/total": 478.28521060943604, "time/evaluation": 9.655701875686646, "training/train_loss_mean": 0.005766484828595499, "training/train_loss_std": 0.04076197181216268, "training/accuracy": 0.964889308210504, "iteration": 15}
{"time/training": 22.133275747299194, "validation/accuracy": 0.8630742178110369, "time/total": 510.11721086502075, "time/evaluation": 9.698175430297852, "training/train_loss_mean": 0.007677729652547044, "training/train_loss_std": 0.052331691931489496, "training/accuracy": 0.9821046095585766, "iteration": 16}
{"time/training": 22.192642211914062, "validation/accuracy": 0.8404659629744906, "time/total": 542.0835962295532, "time/evaluation": 9.674921751022339, "training/train_loss_mean": 0.013012407032585443, "training/train_loss_std": 0.06130402211741511, "training/accuracy": 0.9785496198493222, "iteration": 17}
{"time/training": 22.10047197341919, "validation/accuracy": 0.8881447484128271, "time/total": 573.9257850646973, "time/evaluation": 9.741225004196167, "training/train_loss_mean": 0.009670153082846609, "training/train_loss_std": 0.06694955244322369, "training/accuracy": 0.9975666899155001, "iteration": 18}
{"time/training": 22.179506540298462, "validation/accuracy": 0.9036043492349366, "time/total": 605.8370957374573, "time/evaluation": 9.633499145507812, "training/train_loss_mean": 0.005997375337572907, "training/train_loss_std": 0.04611025974992646, "training/accuracy": 0.9943979372689029, "iteration": 19}
{"time/training": 22.018069982528687, "validation/accuracy": 0.9050902806115027, "time/total": 637.623259305954, "time/evaluation": 9.670289278030396, "training/train_loss_mean": 0.0026005793388006663, "training/train_loss_std": 0.026607085615527243, "training/accuracy": 0.99790534497984, "iteration": 20}
{"time/training": 22.03032636642456, "validation/accuracy": 0.8795389510169039, "time/total": 669.3931980133057, "time/evaluation": 9.641737461090088, "training/train_loss_mean": 0.007757501450267471, "training/train_loss_std": 0.05201761524660167, "training/accuracy": 0.9959014694120174, "iteration": 21}
{"time/training": 22.061094999313354, "validation/accuracy": 0.9001411810972405, "time/total": 701.2074365615845, "time/evaluation": 9.7526695728302, "training/train_loss_mean": 0.005642013849498517, "training/train_loss_std": 0.04153691787045007, "training/accuracy": 0.9983424180279936, "iteration": 22}
{"time/training": 22.223323345184326, "validation/accuracy": 0.8672422760464563, "time/total": 733.1127452850342, "time/evaluation": 9.681364297866821, "training/train_loss_mean": 0.0012272535410962218, "training/train_loss_std": 0.01881080761896959, "training/accuracy": 0.9965832972898646, "iteration": 23}
{"time/training": 22.176294803619385, "validation/accuracy": 0.8794600154348426, "time/total": 764.9672455787659, "time/evaluation": 9.677720069885254, "training/train_loss_mean": 0.0023950101378403363, "training/train_loss_std": 0.028986571464899524, "training/accuracy": 0.9913961069547229, "iteration": 24}
{"time/training": 22.14654541015625, "validation/accuracy": 0.8809687289253139, "time/total": 796.8164129257202, "time/evaluation": 9.702098369598389, "training/train_loss_mean": 0.008093616133297961, "training/train_loss_std": 0.048913336362052966, "training/accuracy": 0.9815519100225825, "iteration": 25}
{"time/training": 22.243768453598022, "validation/accuracy": 0.885492236510132, "time/total": 828.767751455307, "time/evaluation": 9.706998825073242, "training/train_loss_mean": 0.003243370591928941, "training/train_loss_std": 0.030872830532609443, "training/accuracy": 0.9938293104750142,