{"time/training": 25.653380632400513, "validation/accuracy": 0.3714374684470167, "time/total": 37.682881116867065, "time/evaluation": 12.029231309890747, "training/train_loss_mean": 0.3689407412652073, "training/train_loss_std": 0.31245450735751334, "training/accuracy": 0.3728451994196245, "iteration": 1}
{"time/training": 25.473730087280273, "validation/accuracy": 0.4630587557995078, "time/total": 75.32995271682739, "time/evaluation": 12.044197082519531, "training/train_loss_mean": 0.1398183213510206, "training/train_loss_std": 0.14365815092456302, "training/accuracy": 0.48843603510422595, "iteration": 2}
{"time/training": 25.385064125061035, "validation/accuracy": 0.4966690597752589, "time/total": 112.83321642875671, "time/evaluation": 12.01210331916809, "training/train_loss_mean": 0.08609305586359706, "training/train_loss_std": 0.11231889007021394, "training/accuracy": 0.5245019045826955, "iteration": 3}
{"time/training": 25.39405846595764, "validation/accuracy": 0.5168902436324071, "time/total": 150.31348586082458, "time/evaluation": 11.983447551727295, "training/train_loss_mean": 0.06301083841675519, "training/train_loss_std": 0.09796864390909288, "training/accuracy": 0.5452164864535998, "iteration": 4}
{"time/training": 25.413757801055908, "validation/accuracy": 0.5313741145285711, "time/total": 187.8712215423584, "time/evaluation": 12.037994623184204, "training/train_loss_mean": 0.05107222194567975, "training/train_loss_std": 0.09544894538171195, "training/accuracy": 0.5558860556592953, "iteration": 5}
{"time/training": 25.331890106201172, "validation/accuracy": 0.6813219987560725, "time/total": 225.36333107948303, "time/evaluation": 12.055225849151611, "training/train_loss_mean": 0.03530020094772262, "training/train_loss_std": 0.07832334080694564, "training/accuracy": 0.7424333527387721, "iteration": 6}
{"time/training": 25.306722402572632, "validation/accuracy": 0.7276951260719101, "time/total": 262.76959681510925, "time/evaluation": 11.99658203125, "training/train_loss_mean": 0.03156671098837451, "training/train_loss_std": 0.0804105147982165, "training/accuracy": 0.8011839353113883, "iteration": 7}
{"time/training": 25.286616325378418, "validation/accuracy": 0.6735959071137502, "time/total": 300.14293336868286, "time/evaluation": 11.9811270236969, "training/train_loss_mean": 0.028232787623653173, "training/train_loss_std": 0.0765230488317293, "training/accuracy": 0.6803814554269627, "iteration": 8}
{"time/training": 25.226670742034912, "validation/accuracy": 0.7027085751542163, "time/total": 337.4219353199005, "time/evaluation": 12.05180025100708, "training/train_loss_mean": 0.02572649303185717, "training/train_loss_std": 0.07565590173086736, "training/accuracy": 0.7419182784652303, "iteration": 9}
{"time/training": 25.213258266448975, "validation/accuracy": 0.8384800553022114, "time/total": 374.670583486557, "time/evaluation": 12.034854650497437, "training/train_loss_mean": 0.01687526016200042, "training/train_loss_std": 0.05488555112226798, "training/accuracy": 0.9288689520990449, "iteration": 10}
{"time/training": 25.284708976745605, "validation/accuracy": 0.7903871470818525, "time/total": 412.08242774009705, "time/evaluation": 12.018725633621216, "training/train_loss_mean": 0.01755077644869686, "training/train_loss_std": 0.05871564388307572, "training/accuracy": 0.9149497743983511, "iteration": 11}
{"time/training": 25.21933388710022, "validation/accuracy": 0.8564245752695164, "time/total": 449.35446405410767, "time/evaluation": 12.052223682403564, "training/train_loss_mean": 0.01469988801401323, "training/train_loss_std": 0.05516594965990164, "training/accuracy": 0.9425105005810993, "iteration": 12}
{"time/training": 25.222246646881104, "validation/accuracy": 0.8597054685932924, "time/total": 486.7218770980835, "time/evaluation": 12.03957724571228, "training/train_loss_mean": 0.013770456855671387, "training/train_loss_std": 0.05715393505818789, "training/accuracy": 0.9687362308261397, "iteration": 13}
{"time/training": 25.308566331863403, "validation/accuracy": 0.8632344681404414, "time/total": 524.2182748317719, "time/evaluation": 12.08295750617981, "training/train_loss_mean": 0.00839401822903617, "training/train_loss_std": 0.04766180495521525, "training/accuracy": 0.971572574806253, "iteration": 14}
{"time/training": 25.37089228630066, "validation/accuracy": 0.8301229180242545, "time/total": 561.8062281608582, "time/evaluation": 12.110825061798096, "training/train_loss_mean": 0.009490798710303209, "training/train_loss_std": 0.05203337697309673, "training/accuracy": 0.9331254443235831, "iteration": 15}
{"time/training": 25.367406129837036, "validation/accuracy": 0.8414255857809646, "time/total": 599.1970603466034, "time/evaluation": 12.022882461547852, "training/train_loss_mean": 0.008882683246601812, "training/train_loss_std": 0.04598952822344916, "training/accuracy": 0.9800144254000978, "iteration": 16}
{"time/training": 25.213484525680542, "validation/accuracy": 0.883799332596982, "time/total": 636.4670722484589, "time/evaluation": 12.05596923828125, "training/train_loss_mean": 0.006599243163495205, "training/train_loss_std": 0.041519191286259936, "training/accuracy": 0.9730642328215117, "iteration": 17}
{"time/training": 25.20546269416809, "validation/accuracy": 0.8924910567225115, "time/total": 673.7638199329376, "time/evaluation": 11.986610174179077, "training/train_loss_mean": 0.006277293696750104, "training/train_loss_std": 0.042236904737181766, "training/accuracy": 0.969690175933209, "iteration": 18}
{"time/training": 25.23808240890503, "validation/accuracy": 0.8939975130759876, "time/total": 711.1629049777985, "time/evaluation": 12.058398723602295, "training/train_loss_mean": 0.010623446734674026, "training/train_loss_std": 0.05735229530275771, "training/accuracy": 0.9942306641315046, "iteration": 19}
{"time/training": 25.17671012878418, "validation/accuracy": 0.8381984133037956, "time/total": 748.4907240867615, "time/evaluation": 12.046013116836548, "training/train_loss_mean": 0.006472861117032067, "training/train_loss_std": 0.0445714370814039, "training/accuracy": 0.9695566491074207, "iteration": 20}
{"time/training": 25.21564555168152, "validation/accuracy": 0.9254470504114911, "time/total": 785.7948122024536, "time/evaluation": 12.087960004806519, "training/train_loss_mean": 0.006398578882941566, "training/train_loss_std": 0.04473033713014997, "training/accuracy": 0.9951507947657794, "iteration": 21}
{"time/training": 25.215264320373535, "validation/accuracy": 0.8908547274627867, "time/total": 823.2160959243774, "time/evaluation": 12.1000075340271, "training/train_loss_mean": 0.006801035581225361, "training/train_loss_std": 0.04614261012308886, "training/accuracy": 0.9907603137881271, "iteration": 22}
{"time/training": 25.24886202812195, "validation/accuracy": 0.8903752147772973, "time/total": 860.5463931560516, "time/evaluation": 12.080856800079346, "training/train_loss_mean": 0.007323200485438079, "training/train_loss_std": 0.047452488869419954, "training/accuracy": 0.982500015464395, "iteration": 23}
{"time/training": 25.235716819763184, "validation/accuracy": 0.9114568348912784, "time/total": 897.881783246994, "time/evaluation": 12.099163293838501, "training/train_loss_mean": 0.006990008117602662, "training/train_loss_std": 0.04466447071830639, "training/accuracy": 0.9949979386389762, "iteration": 24}
{"time/training": 25.251280784606934, "validation/accuracy": 0.9052217642670071, "time/total": 935.1867663860321, "time/evaluation": 12.0531747341156, "training/train_loss_mean": 0.005096711132423443, "training/train_loss_std": 0.03825285958015931, "training/accuracy": 0.9924332172238964, "iteration": 25}
{"time/training": 25.183581829071045, "validation/accuracy": 0.9162043964567038, "time/total": 972.4986865520477, "time/evaluation": 12.127849102020264, "training/train_loss_mean": 0.002293418847393051, "training/train_loss_std": 0.02389201586692684, "training/accuracy": 0.995195027627706,