{"time/training": 44.27279758453369, "validation/accuracy": 0.3815566411440237, "time/total": 57.150909423828125, "time/evaluation": 12.87785291671753, "training/train_loss_mean": 0.33697765931179086, "training/train_loss_std": 0.3073481726289668, "training/accuracy": 0.38995296942970603, "iteration": 1}
{"time/training": 43.92528176307678, "validation/accuracy": 0.49797128239099714, "time/total": 114.69796061515808, "time/evaluation": 12.942450046539307, "training/train_loss_mean": 0.10672696603243936, "training/train_loss_std": 0.124385624969557, "training/accuracy": 0.5298261982141067, "iteration": 2}
{"time/training": 43.51539063453674, "validation/accuracy": 0.5193868244664398, "time/total": 171.5374686717987, "time/evaluation": 12.817667961120605, "training/train_loss_mean": 0.0716178891289334, "training/train_loss_std": 0.11232665395465262, "training/accuracy": 0.5483778294948521, "iteration": 3}
{"time/training": 43.29016709327698, "validation/accuracy": 0.5156033511162285, "time/total": 228.1338574886322, "time/evaluation": 12.819120645523071, "training/train_loss_mean": 0.054294737722902504, "training/train_loss_std": 0.09676994924568426, "training/accuracy": 0.5485913809754555, "iteration": 4}
{"time/training": 43.089065074920654, "validation/accuracy": 0.6125402580510071, "time/total": 284.04831767082214, "time/evaluation": 12.824944496154785, "training/train_loss_mean": 0.04683183848935337, "training/train_loss_std": 0.09077787548427577, "training/accuracy": 0.6570447420844355, "iteration": 5}
{"time/training": 43.008914947509766, "validation/accuracy": 0.6892758257769416, "time/total": 340.3276867866516, "time/evaluation": 12.770874977111816, "training/train_loss_mean": 0.034813216807562254, "training/train_loss_std": 0.07449413701674602, "training/accuracy": 0.7322035859701421, "iteration": 6}
{"time/training": 42.883971214294434, "validation/accuracy": 0.7151095340771227, "time/total": 396.5004303455353, "time/evaluation": 12.779621362686157, "training/train_loss_mean": 0.02213381569807126, "training/train_loss_std": 0.0597890494711641, "training/accuracy": 0.7676943269441133, "iteration": 7}
{"time/training": 42.97468447685242, "validation/accuracy": 0.8305212369135824, "time/total": 452.76725006103516, "time/evaluation": 12.806447267532349, "training/train_loss_mean": 0.020561118368950845, "training/train_loss_std": 0.0672268069727019, "training/accuracy": 0.9134402311575773, "iteration": 8}
{"time/training": 42.88774299621582, "validation/accuracy": 0.8747743554516918, "time/total": 508.9800662994385, "time/evaluation": 12.87536358833313, "training/train_loss_mean": 0.014418860638157123, "training/train_loss_std": 0.059251866125494795, "training/accuracy": 0.9618111980593698, "iteration": 9}
{"time/training": 42.957847118377686, "validation/accuracy": 0.8930043295969778, "time/total": 565.2861983776093, "time/evaluation": 12.887793779373169, "training/train_loss_mean": 0.010690333201860693, "training/train_loss_std": 0.05492640291539904, "training/accuracy": 0.9765337537572758, "iteration": 10}
{"time/training": 42.73129844665527, "validation/accuracy": 0.9239936294114639, "time/total": 621.3194062709808, "time/evaluation": 12.79959511756897, "training/train_loss_mean": 0.006245112915451851, "training/train_loss_std": 0.04250184943229527, "training/accuracy": 0.99471045982497, "iteration": 11}
{"time/training": 42.64744281768799, "validation/accuracy": 0.9391132440833815, "time/total": 677.2294640541077, "time/evaluation": 12.80704951286316, "training/train_loss_mean": 0.002738611906843432, "training/train_loss_std": 0.03213785332506541, "training/accuracy": 0.99471045982497, "iteration": 12}
{"time/training": 42.64443254470825, "validation/accuracy": 0.8802827006925551, "time/total": 733.1846692562103, "time/evaluation": 12.817265033721924, "training/train_loss_mean": 0.004676271045940752, "training/train_loss_std": 0.0403084591206372, "training/accuracy": 0.9838526146672043, "iteration": 13}
{"time/training": 42.676732778549194, "validation/accuracy": 0.9373641082169719, "time/total": 788.6758573055267, "time/evaluation": 12.813962697982788, "training/train_loss_mean": 0.00775239749323012, "training/train_loss_std": 0.048109613803161914, "training/accuracy": 0.9948793663314994, "iteration": 14}
{"time/training": 42.75402045249939, "validation/accuracy": 0.9543599551368542, "time/total": 844.2744028568268, "time/evaluation": 12.844000816345215, "training/train_loss_mean": 0.005618822128424539, "training/train_loss_std": 0.04495372305935887, "training/accuracy": 0.9952376296391119, "iteration": 15}
{"time/training": 42.79953598976135, "validation/accuracy": 0.9320386676555275, "time/total": 900.4214599132538, "time/evaluation": 12.827816247940063, "training/train_loss_mean": 0.0038045523035939045, "training/train_loss_std": 0.03452082210331234, "training/accuracy": 0.9952494865811591, "iteration": 16}
{"time/training": 42.66790294647217, "validation/accuracy": 0.9452793791377031, "time/total": 955.9171230792999, "time/evaluation": 12.827289581298828, "training/train_loss_mean": 0.00522902038475705, "training/train_loss_std": 0.03883153480017339, "training/accuracy": 0.9955201804193333, "iteration": 17}
{"time/training": 42.66973519325256, "validation/accuracy": 0.9536295850170514, "time/total": 1011.3767380714417, "time/evaluation": 12.789455652236938, "training/train_loss_mean": 0.003360654272270097, "training/train_loss_std": 0.031549583391420256, "training/accuracy": 0.9982945443077893, "iteration": 18}
{"time/training": 42.61860632896423, "validation/accuracy": 0.9434207267606579, "time/total": 1066.76402926445, "time/evaluation": 12.768143653869629, "training/train_loss_mean": 0.0018527383335843863, "training/train_loss_std": 0.025197316668292797, "training/accuracy": 0.9966038986839351, "iteration": 19}
{"time/training": 42.5717339515686, "validation/accuracy": 0.9329894516413949, "time/total": 1122.108271598816, "time/evaluation": 12.772051095962524, "training/train_loss_mean": 0.0022882340658338584, "training/train_loss_std": 0.028417628421197282, "training/accuracy": 0.9984175606394816, "iteration": 20}
{"time/training": 42.61852407455444, "validation/accuracy": 0.9391384894328387, "time/total": 1177.5403444766998, "time/evaluation": 12.813081979751587, "training/train_loss_mean": 0.0016595216718456424, "training/train_loss_std": 0.020212849380445597, "training/accuracy": 0.9982268199787366, "iteration": 21}
{"time/training": 42.75398111343384, "validation/accuracy": 0.9526050891636466, "time/total": 1233.180481672287, "time/evaluation": 12.885476350784302, "training/train_loss_mean": 0.0007957938413477763, "training/train_loss_std": 0.017713937591345784, "training/accuracy": 0.997082914971199, "iteration": 22}
{"time/training": 42.82833409309387, "validation/accuracy": 0.9114685039614445, "time/total": 1288.7910480499268, "time/evaluation": 12.781734943389893, "training/train_loss_mean": 0.001552311799876435, "training/train_loss_std": 0.02153693599291612, "training/accuracy": 0.9822617372811866, "iteration": 23}
{"time/training": 42.660953998565674, "validation/accuracy": 0.9218547101007225, "time/total": 1344.2409360408783, "time/evaluation": 12.788479328155518, "training/train_loss_mean": 0.002317678559029983, "training/train_loss_std": 0.024679774600099222, "training/accuracy": 0.9623294944380231, "iteration": 24}
{"time/training": 42.5868661403656, "validation/accuracy": 0.9361304604874181, "time/total": 1399.5885360240936, "time/evaluation": 12.760295867919922, "training/train_loss_mean": 0.0012946208323419914, "training/train_loss_std": 0.019579680764759827, "training/accuracy": 0.9952759631570469, "iteration": 25}
{"time/training": 42.56773233413696, "validation/accuracy": 0.9334506280491489, "time/total": 1454.902036190033, "time/evaluation": 12.745308876037598, "training/train_loss_mean": 0.0023146187651588023, "training/train_loss_std": 0.027946958423837702, "training/accuracy": 0.9957914906288166,