{"time/training": 34.5405068397522, "validation/accuracy": 0.3884257187219988, "time/total": 42.06652307510376, "time/evaluation": 7.525798559188843, "training/train_loss_mean": 0.4210039900102484, "training/train_loss_std": 0.28568513614991103, "training/accuracy": 0.3905169772241937, "iteration": 1}
{"time/training": 34.23685336112976, "validation/accuracy": 0.3930248579315873, "time/total": 84.42574667930603, "time/evaluation": 7.490110158920288, "training/train_loss_mean": 0.1374846768924805, "training/train_loss_std": 0.15916332425964239, "training/accuracy": 0.39469498779399065, "iteration": 2}
{"time/training": 33.967714071273804, "validation/accuracy": 0.5012906640153751, "time/total": 126.31097459793091, "time/evaluation": 7.456480979919434, "training/train_loss_mean": 0.06811769280360835, "training/train_loss_std": 0.08903352116148082, "training/accuracy": 0.53033977812095, "iteration": 3}
{"time/training": 33.63831639289856, "validation/accuracy": 0.513499810781885, "time/total": 167.9040012359619, "time/evaluation": 7.534475088119507, "training/train_loss_mean": 0.047296338336721915, "training/train_loss_std": 0.0752058623244629, "training/accuracy": 0.5487315529961535, "iteration": 4}
{"time/training": 33.66433906555176, "validation/accuracy": 0.5158942749710299, "time/total": 209.55084609985352, "time/evaluation": 7.512129783630371, "training/train_loss_mean": 0.04375431524969153, "training/train_loss_std": 0.08100350136258001, "training/accuracy": 0.5539609855111012, "iteration": 5}
{"time/training": 33.62251806259155, "validation/accuracy": 0.5269998910559746, "time/total": 251.06986117362976, "time/evaluation": 7.445377588272095, "training/train_loss_mean": 0.04363486827685732, "training/train_loss_std": 0.08484211779572755, "training/accuracy": 0.5596210328398163, "iteration": 6}
{"time/training": 33.47166323661804, "validation/accuracy": 0.7479301033232983, "time/total": 292.5414402484894, "time/evaluation": 7.511264324188232, "training/train_loss_mean": 0.029148861405661506, "training/train_loss_std": 0.06924899933050223, "training/accuracy": 0.820580481175563, "iteration": 7}
{"time/training": 33.30556082725525, "validation/accuracy": 0.8599052006674857, "time/total": 333.8097565174103, "time/evaluation": 7.506444931030273, "training/train_loss_mean": 0.01895249130130529, "training/train_loss_std": 0.061688412983749184, "training/accuracy": 0.9312431679957228, "iteration": 8}
{"time/training": 33.26724171638489, "validation/accuracy": 0.8502586978167246, "time/total": 374.95920038223267, "time/evaluation": 7.421530723571777, "training/train_loss_mean": 0.011349651751596128, "training/train_loss_std": 0.04964034367316407, "training/accuracy": 0.9134091577860073, "iteration": 9}
{"time/training": 33.24757122993469, "validation/accuracy": 0.8333539671786966, "time/total": 415.6659381389618, "time/evaluation": 7.458730220794678, "training/train_loss_mean": 0.00970894369040295, "training/train_loss_std": 0.04969448908609886, "training/accuracy": 0.9583436034093926, "iteration": 10}
{"time/training": 33.21631360054016, "validation/accuracy": 0.903815329898104, "time/total": 456.2712559700012, "time/evaluation": 7.388365268707275, "training/train_loss_mean": 0.01178664083421981, "training/train_loss_std": 0.05570004834378623, "training/accuracy": 0.9784207820144643, "iteration": 11}
{"time/training": 33.17260718345642, "validation/accuracy": 0.8570985023080118, "time/total": 497.39687991142273, "time/evaluation": 7.494316101074219, "training/train_loss_mean": 0.010126908995783118, "training/train_loss_std": 0.0547359964989339, "training/accuracy": 0.9720680032719455, "iteration": 12}
{"time/training": 33.10815405845642, "validation/accuracy": 0.8822303481933501, "time/total": 537.9368073940277, "time/evaluation": 7.431326866149902, "training/train_loss_mean": 0.006546684815478466, "training/train_loss_std": 0.044624933881749235, "training/accuracy": 0.989898380196724, "iteration": 13}
{"time/training": 33.15290141105652, "validation/accuracy": 0.918207720878411, "time/total": 578.47607588768, "time/evaluation": 7.385912656784058, "training/train_loss_mean": 0.0043950297912108615, "training/train_loss_std": 0.035899656433483494, "training/accuracy": 0.9995115025637137, "iteration": 14}
{"time/training": 33.10401201248169, "validation/accuracy": 0.9106358205809701, "time/total": 619.6173107624054, "time/evaluation": 7.547370433807373, "training/train_loss_mean": 0.005767178830478591, "training/train_loss_std": 0.04120205177853885, "training/accuracy": 0.9949731546168323, "iteration": 15}
{"time/training": 33.20440053939819, "validation/accuracy": 0.9246480167826316, "time/total": 660.2624270915985, "time/evaluation": 7.440242052078247, "training/train_loss_mean": 0.002317212519772611, "training/train_loss_std": 0.02350422960548693, "training/accuracy": 0.9983176500458418, "iteration": 16}
{"time/training": 33.18685746192932, "validation/accuracy": 0.897648003955106, "time/total": 701.3570351600647, "time/evaluation": 7.465929746627808, "training/train_loss_mean": 0.002502440896032066, "training/train_loss_std": 0.026837561595907663, "training/accuracy": 0.999900089989455, "iteration": 17}
{"time/training": 33.11901783943176, "validation/accuracy": 0.7933963999467546, "time/total": 741.9784240722656, "time/evaluation": 7.501914024353027, "training/train_loss_mean": 0.0038087226546577573, "training/train_loss_std": 0.03207824810034937, "training/accuracy": 0.930521069303793, "iteration": 18}
{"time/training": 33.15203642845154, "validation/accuracy": 0.9325876267983986, "time/total": 782.6235384941101, "time/evaluation": 7.492619276046753, "training/train_loss_mean": 0.004774117945507753, "training/train_loss_std": 0.035418990530355354, "training/accuracy": 0.9920842807999126, "iteration": 19}
{"time/training": 33.11455965042114, "validation/accuracy": 0.9216769207480322, "time/total": 823.6624341011047, "time/evaluation": 7.472252607345581, "training/train_loss_mean": 0.004481470168451148, "training/train_loss_std": 0.03841714977113356, "training/accuracy": 0.9963383433794787, "iteration": 20}
{"time/training": 33.144413471221924, "validation/accuracy": 0.9182823227334447, "time/total": 864.3008964061737, "time/evaluation": 7.493374824523926, "training/train_loss_mean": 0.00485726030321716, "training/train_loss_std": 0.04231443240427932, "training/accuracy": 0.9897002546700235, "iteration": 21}
{"time/training": 33.0340678691864, "validation/accuracy": 0.9121064791793941, "time/total": 904.7797620296478, "time/evaluation": 7.444244623184204, "training/train_loss_mean": 0.0027301549437487574, "training/train_loss_std": 0.02677915201929947, "training/accuracy": 0.9991396683524056, "iteration": 22}
{"time/training": 33.15681481361389, "validation/accuracy": 0.8917994386016275, "time/total": 945.4345366954803, "time/evaluation": 7.497265338897705, "training/train_loss_mean": 0.003750990491966235, "training/train_loss_std": 0.03538866784233453, "training/accuracy": 0.9982484249362779, "iteration": 23}
{"time/training": 33.221994400024414, "validation/accuracy": 0.9312390418112569, "time/total": 986.1544091701508, "time/evaluation": 7.497440576553345, "training/train_loss_mean": 0.00353826895913276, "training/train_loss_std": 0.03267739971203335, "training/accuracy": 0.997554327070165, "iteration": 24}
{"time/training": 33.19893836975098, "validation/accuracy": 0.9462956045897956, "time/total": 1026.8549015522003, "time/evaluation": 7.501031398773193, "training/train_loss_mean": 0.0014973687791248588, "training/train_loss_std": 0.02060143773910483, "training/accuracy": 0.9985654795410269, "iteration": 25}
{"time/training": 33.1894326210022, "validation/accuracy": 0.9472908968031988, "time/total": 1067.9869577884674, "time/evaluation": 7.487681865692139, "training/train_loss_mean": 0.0013692566518798911, "training/train_loss_std": 0.020803847613474757, "training/accuracy": 0.999461624890998,