{"time/training": 26.194205045700073, "validation/accuracy": 0.39044461389495966, "time/total": 37.872331857681274, "time/evaluation": 11.67789077758789, "training/train_loss_mean": 0.374645631602694, "training/train_loss_std": 0.2745694083077296, "training/accuracy": 0.39052985151278435, "iteration": 1}
{"time/training": 25.88399386405945, "validation/accuracy": 0.4947022988249864, "time/total": 75.49554538726807, "time/evaluation": 11.608336687088013, "training/train_loss_mean": 0.14518650200137295, "training/train_loss_std": 0.16320788050764704, "training/accuracy": 0.5002511959144658, "iteration": 2}
{"time/training": 25.893970489501953, "validation/accuracy": 0.5310270802868775, "time/total": 113.09542298316956, "time/evaluation": 11.602802038192749, "training/train_loss_mean": 0.09526198646851163, "training/train_loss_std": 0.1282384970454436, "training/accuracy": 0.5394416424990676, "iteration": 3}
{"time/training": 25.77218532562256, "validation/accuracy": 0.5411050450620786, "time/total": 150.57579159736633, "time/evaluation": 11.607862710952759, "training/train_loss_mean": 0.06835386218020957, "training/train_loss_std": 0.11591207830572099, "training/accuracy": 0.5461377291658183, "iteration": 4}
{"time/training": 25.762192249298096, "validation/accuracy": 0.6536519225923935, "time/total": 188.0263707637787, "time/evaluation": 11.585209608078003, "training/train_loss_mean": 0.05393096720582098, "training/train_loss_std": 0.09974693943125312, "training/accuracy": 0.675688421716804, "iteration": 5}
{"time/training": 25.72029399871826, "validation/accuracy": 0.6815463017232533, "time/total": 225.4297354221344, "time/evaluation": 11.574614763259888, "training/train_loss_mean": 0.0367354220216388, "training/train_loss_std": 0.08646850244127792, "training/accuracy": 0.706961617624206, "iteration": 6}
{"time/training": 25.68481945991516, "validation/accuracy": 0.7077328765442392, "time/total": 262.8084099292755, "time/evaluation": 11.587793588638306, "training/train_loss_mean": 0.028847996517219518, "training/train_loss_std": 0.07551078249270449, "training/accuracy": 0.7264762935369571, "iteration": 7}
{"time/training": 25.717279195785522, "validation/accuracy": 0.7076760760676924, "time/total": 300.23521280288696, "time/evaluation": 11.607589483261108, "training/train_loss_mean": 0.025960882187373642, "training/train_loss_std": 0.07483306572371476, "training/accuracy": 0.7436961345222505, "iteration": 8}
{"time/training": 25.70312738418579, "validation/accuracy": 0.8278602184752419, "time/total": 337.5203609466553, "time/evaluation": 11.581581354141235, "training/train_loss_mean": 0.023322504959714288, "training/train_loss_std": 0.06965658023428078, "training/accuracy": 0.8930802667885013, "iteration": 9}
{"time/training": 25.703688621520996, "validation/accuracy": 0.8013624276215531, "time/total": 374.9244821071625, "time/evaluation": 11.597545146942139, "training/train_loss_mean": 0.01755567185806056, "training/train_loss_std": 0.06437196381681494, "training/accuracy": 0.8824168173827751, "iteration": 10}
{"time/training": 25.632198572158813, "validation/accuracy": 0.8346828763139167, "time/total": 412.181494474411, "time/evaluation": 11.624337673187256, "training/train_loss_mean": 0.013519765839330608, "training/train_loss_std": 0.05489048163514012, "training/accuracy": 0.9106708928883176, "iteration": 11}
{"time/training": 25.690865993499756, "validation/accuracy": 0.9027808449464091, "time/total": 449.5560266971588, "time/evaluation": 11.581518411636353, "training/train_loss_mean": 0.011368957554318118, "training/train_loss_std": 0.05352872369653661, "training/accuracy": 0.9721864174844999, "iteration": 12}
{"time/training": 25.632320404052734, "validation/accuracy": 0.9007219679550322, "time/total": 486.9171073436737, "time/evaluation": 11.628523588180542, "training/train_loss_mean": 0.013440471630200068, "training/train_loss_std": 0.06260978735608003, "training/accuracy": 0.9825264667720855, "iteration": 13}
{"time/training": 25.65077495574951, "validation/accuracy": 0.8881541554334473, "time/total": 524.1535580158234, "time/evaluation": 11.585161209106445, "training/train_loss_mean": 0.008067737779570087, "training/train_loss_std": 0.04595489101149062, "training/accuracy": 0.9677479392558033, "iteration": 14}
{"time/training": 25.64862608909607, "validation/accuracy": 0.9171958607850013, "time/total": 561.4226574897766, "time/evaluation": 11.620034456253052, "training/train_loss_mean": 0.007971471015150923, "training/train_loss_std": 0.04367892742490913, "training/accuracy": 0.9908163762891379, "iteration": 15}
{"time/training": 25.635591745376587, "validation/accuracy": 0.9270140916372499, "time/total": 598.787073135376, "time/evaluation": 11.625415802001953, "training/train_loss_mean": 0.004209735156006549, "training/train_loss_std": 0.03450089379814274, "training/accuracy": 0.9825976337069962, "iteration": 16}
{"time/training": 25.734585523605347, "validation/accuracy": 0.8082037433562546, "time/total": 636.2625844478607, "time/evaluation": 11.63969612121582, "training/train_loss_mean": 0.007645617451659538, "training/train_loss_std": 0.04714036774047426, "training/accuracy": 0.8587770708555498, "iteration": 17}
{"time/training": 25.684196710586548, "validation/accuracy": 0.9234500281557864, "time/total": 673.57492852211, "time/evaluation": 11.627675294876099, "training/train_loss_mean": 0.0060297078209374366, "training/train_loss_std": 0.04087703760394177, "training/accuracy": 0.9915957725539123, "iteration": 18}
{"time/training": 25.649993181228638, "validation/accuracy": 0.8897634257921506, "time/total": 710.8523762226105, "time/evaluation": 11.627010345458984, "training/train_loss_mean": 0.00487596695856205, "training/train_loss_std": 0.03516610371370583, "training/accuracy": 0.9783711801499742, "iteration": 19}
{"time/training": 25.596407651901245, "validation/accuracy": 0.9268564169808864, "time/total": 748.0542340278625, "time/evaluation": 11.604925632476807, "training/train_loss_mean": 0.007422136505264225, "training/train_loss_std": 0.044032301518968066, "training/accuracy": 0.9913300241646408, "iteration": 20}
{"time/training": 25.679980993270874, "validation/accuracy": 0.8863208017115305, "time/total": 785.3511228561401, "time/evaluation": 11.616231918334961, "training/train_loss_mean": 0.004928920122040829, "training/train_loss_std": 0.037300799876978125, "training/accuracy": 0.9643743289030484, "iteration": 21}
{"time/training": 25.589345455169678, "validation/accuracy": 0.9343356429423082, "time/total": 822.5736458301544, "time/evaluation": 11.632606029510498, "training/train_loss_mean": 0.004222640040915946, "training/train_loss_std": 0.032375346307322944, "training/accuracy": 0.9963368993891105, "iteration": 22}
{"time/training": 25.655105352401733, "validation/accuracy": 0.9193757906570065, "time/total": 859.9606740474701, "time/evaluation": 11.625574350357056, "training/train_loss_mean": 0.005362376515001494, "training/train_loss_std": 0.04368124543617073, "training/accuracy": 0.9949525308202306, "iteration": 23}
{"time/training": 25.65370202064514, "validation/accuracy": 0.9369891725401288, "time/total": 897.2307167053223, "time/evaluation": 11.615790843963623, "training/train_loss_mean": 0.0031345648099224176, "training/train_loss_std": 0.030295605031623946, "training/accuracy": 0.9978079855098905, "iteration": 24}
{"time/training": 25.690027236938477, "validation/accuracy": 0.9450645334229127, "time/total": 934.653021812439, "time/evaluation": 11.628862857818604, "training/train_loss_mean": 0.005700791243971324, "training/train_loss_std": 0.04291084690568759, "training/accuracy": 0.9977575126105345, "iteration": 25}
{"time/training": 25.666887044906616, "validation/accuracy": 0.9325130247454749, "time/total": 972.0638868808746, "time/evaluation": 11.638314723968506, "training/train_loss_mean": 0.003811420810837613, "training/train_loss_std": 0.03313728013315638, "training/accuracy": 0.999900089989455,