{"time/training": 20.08293628692627, "validation/accuracy": 0.31914482306374925, "time/total": 25.99447798728943, "time/evaluation": 5.911290884017944, "training/train_loss_mean": 0.5638141548070382, "training/train_loss_std": 0.22497850863207927, "training/accuracy": 0.3217787345323845, "iteration": 1}
{"time/training": 19.603116750717163, "validation/accuracy": 0.3743071030158288, "time/total": 51.48437190055847, "time/evaluation": 5.650135517120361, "training/train_loss_mean": 0.2394883589533077, "training/train_loss_std": 0.19689732103895746, "training/accuracy": 0.37882871973532467, "iteration": 2}
{"time/training": 19.491840600967407, "validation/accuracy": 0.38355077159168766, "time/total": 77.0885853767395, "time/evaluation": 5.937351942062378, "training/train_loss_mean": 0.1426606495476027, "training/train_loss_std": 0.1515461142288782, "training/accuracy": 0.3880069428674757, "iteration": 3}
{"time/training": 19.46717858314514, "validation/accuracy": 0.4421593459720697, "time/total": 102.37806367874146, "time/evaluation": 5.648266077041626, "training/train_loss_mean": 0.11307327005880202, "training/train_loss_std": 0.13437966578875468, "training/accuracy": 0.4912710099113549, "iteration": 4}
{"time/training": 19.364461660385132, "validation/accuracy": 0.4194895404735387, "time/total": 127.77103686332703, "time/evaluation": 5.851852655410767, "training/train_loss_mean": 0.08510050099383394, "training/train_loss_std": 0.11708696668132033, "training/accuracy": 0.4633605486224478, "iteration": 5}
{"time/training": 19.315276384353638, "validation/accuracy": 0.4819247500067709, "time/total": 152.76762914657593, "time/evaluation": 5.680830001831055, "training/train_loss_mean": 0.05694246874814193, "training/train_loss_std": 0.08660384988113007, "training/accuracy": 0.5364837514312537, "iteration": 6}
{"time/training": 19.2558012008667, "validation/accuracy": 0.5743174325666893, "time/total": 178.12460112571716, "time/evaluation": 5.926199674606323, "training/train_loss_mean": 0.04257568907639833, "training/train_loss_std": 0.07528549959650167, "training/accuracy": 0.6554838742296163, "iteration": 7}
{"time/training": 19.248295545578003, "validation/accuracy": 0.646924014378564, "time/total": 203.17495608329773, "time/evaluation": 5.629449367523193, "training/train_loss_mean": 0.03032880054778093, "training/train_loss_std": 0.05842235474288169, "training/accuracy": 0.7772271685581922, "iteration": 8}
{"time/training": 19.104360818862915, "validation/accuracy": 0.7283440998075132, "time/total": 228.3362011909485, "time/evaluation": 5.880035400390625, "training/train_loss_mean": 0.021019396221830775, "training/train_loss_std": 0.054152173216263234, "training/accuracy": 0.8662873807628291, "iteration": 9}
{"time/training": 19.164340019226074, "validation/accuracy": 0.6886469428859517, "time/total": 253.300550699234, "time/evaluation": 5.623262405395508, "training/train_loss_mean": 0.015081039130150095, "training/train_loss_std": 0.04641476781195306, "training/accuracy": 0.8244221744399178, "iteration": 10}
{"time/training": 19.01031470298767, "validation/accuracy": 0.80707955155207, "time/total": 278.1767566204071, "time/evaluation": 5.865444898605347, "training/train_loss_mean": 0.012563802781386491, "training/train_loss_std": 0.04417796462204795, "training/accuracy": 0.959155526711033, "iteration": 11}
{"time/training": 19.08347511291504, "validation/accuracy": 0.7925417238928822, "time/total": 303.1209638118744, "time/evaluation": 5.6761558055877686, "training/train_loss_mean": 0.00777437478447366, "training/train_loss_std": 0.03381863476549145, "training/accuracy": 0.96402130444094, "iteration": 12}
{"time/training": 18.991695165634155, "validation/accuracy": 0.832903780401506, "time/total": 327.96146178245544, "time/evaluation": 5.848348379135132, "training/train_loss_mean": 0.007776159411992907, "training/train_loss_std": 0.03097330196295781, "training/accuracy": 0.9843689138301442, "iteration": 13}
{"time/training": 19.022125959396362, "validation/accuracy": 0.8523616059817976, "time/total": 352.7808849811554, "time/evaluation": 5.624665975570679, "training/train_loss_mean": 0.003551928599576574, "training/train_loss_std": 0.01980819100576639, "training/accuracy": 0.9818003468310881, "iteration": 14}
{"time/training": 18.974268436431885, "validation/accuracy": 0.839388626704163, "time/total": 377.68243646621704, "time/evaluation": 5.754016637802124, "training/train_loss_mean": 0.003056244563794187, "training/train_loss_std": 0.024556324210666947, "training/accuracy": 0.9841145284025778, "iteration": 15}
{"time/training": 18.95520281791687, "validation/accuracy": 0.8555918582119402, "time/total": 402.2666509151459, "time/evaluation": 5.62851881980896, "training/train_loss_mean": 0.0040701826038808415, "training/train_loss_std": 0.02872893944823881, "training/accuracy": 0.9919462745520153, "iteration": 16}
{"time/training": 18.988994121551514, "validation/accuracy": 0.8349928828038597, "time/total": 427.2536644935608, "time/evaluation": 5.820521593093872, "training/train_loss_mean": 0.003010619605815668, "training/train_loss_std": 0.02804037316627695, "training/accuracy": 0.9828781753778555, "iteration": 17}
{"time/training": 18.846699237823486, "validation/accuracy": 0.8484717850698512, "time/total": 451.72691082954407, "time/evaluation": 5.626087427139282, "training/train_loss_mean": 0.004861860013310018, "training/train_loss_std": 0.03528809119467304, "training/accuracy": 0.9793908667491739, "iteration": 18}
{"time/training": 18.863654613494873, "validation/accuracy": 0.8749547386540619, "time/total": 476.46360325813293, "time/evaluation": 5.872606992721558, "training/train_loss_mean": 0.0013429819779807663, "training/train_loss_std": 0.013344234991399652, "training/accuracy": 1.0, "iteration": 19}
{"time/training": 18.997081518173218, "validation/accuracy": 0.8675861534343887, "time/total": 501.26664328575134, "time/evaluation": 5.632192134857178, "training/train_loss_mean": 0.002678557228426244, "training/train_loss_std": 0.024345683692492324, "training/accuracy": 0.9857773842037378, "iteration": 20}
{"time/training": 18.947221040725708, "validation/accuracy": 0.8759560792476471, "time/total": 526.1210579872131, "time/evaluation": 5.9067158699035645, "training/train_loss_mean": 0.004002478015244142, "training/train_loss_std": 0.03386004851126984, "training/accuracy": 0.9886288785802486, "iteration": 21}
{"time/training": 19.009547233581543, "validation/accuracy": 0.8919594100930436, "time/total": 550.9256529808044, "time/evaluation": 5.619139194488525, "training/train_loss_mean": 0.00240399744640503, "training/train_loss_std": 0.02993579529365979, "training/accuracy": 0.9987886239326969, "iteration": 22}
{"time/training": 18.915459156036377, "validation/accuracy": 0.8744340800336674, "time/total": 575.8250188827515, "time/evaluation": 5.8078906536102295, "training/train_loss_mean": 0.0009347556790089584, "training/train_loss_std": 0.01676639436249134, "training/accuracy": 0.9721075547119703, "iteration": 23}
{"time/training": 18.976190328598022, "validation/accuracy": 0.8825865590488554, "time/total": 600.4031074047089, "time/evaluation": 5.601427316665649, "training/train_loss_mean": 0.002612587478806673, "training/train_loss_std": 0.027094577311148907, "training/accuracy": 0.9881978714118255, "iteration": 24}
{"time/training": 18.92992377281189, "validation/accuracy": 0.8831023455755794, "time/total": 625.1889567375183, "time/evaluation": 5.8554911613464355, "training/train_loss_mean": 0.0014066032220190804, "training/train_loss_std": 0.019883594247883392, "training/accuracy": 0.9959977546136454, "iteration": 25}
{"time/training": 18.968661546707153, "validation/accuracy": 0.8737740606871955, "time/total": 649.7818324565887, "time/evaluation": 5.623769521713257, "training/train_loss_mean": 0.003210751577537269, "training/train_loss_std": 0.027513115724250664, "training/accuracy": 0.9906591746506628,