{"time/training": 22.907357931137085, "validation/accuracy": 0.3846251809164774, "time/total": 30.178670167922974, "time/evaluation": 7.271021842956543, "training/train_loss_mean": 0.44723134918182383, "training/train_loss_std": 0.30653452493333533, "training/accuracy": 0.38641339827713567, "iteration": 1}
{"time/training": 22.56518578529358, "validation/accuracy": 0.38843577552234365, "time/total": 60.37055563926697, "time/evaluation": 7.376963138580322, "training/train_loss_mean": 0.1694221572679152, "training/train_loss_std": 0.18074490376010693, "training/accuracy": 0.3916784399737461, "iteration": 2}
{"time/training": 22.58272433280945, "validation/accuracy": 0.5022792085912553, "time/total": 90.28236675262451, "time/evaluation": 7.157201528549194, "training/train_loss_mean": 0.10106056515369417, "training/train_loss_std": 0.12764737236962873, "training/accuracy": 0.5179398832275632, "iteration": 3}
{"time/training": 22.412864208221436, "validation/accuracy": 0.5100167530479902, "time/total": 120.28062176704407, "time/evaluation": 7.413218975067139, "training/train_loss_mean": 0.060067201882883114, "training/train_loss_std": 0.0894245033416147, "training/accuracy": 0.5094032505788763, "iteration": 4}
{"time/training": 22.395474433898926, "validation/accuracy": 0.5273182477167965, "time/total": 150.00440764427185, "time/evaluation": 7.159092426300049, "training/train_loss_mean": 0.04954919420113039, "training/train_loss_std": 0.08467016151421339, "training/accuracy": 0.5464088041746603, "iteration": 5}
{"time/training": 22.287062168121338, "validation/accuracy": 0.5470927863373762, "time/total": 179.69650983810425, "time/evaluation": 7.236336946487427, "training/train_loss_mean": 0.04292003365515871, "training/train_loss_std": 0.07960304233729398, "training/accuracy": 0.5757471582060283, "iteration": 6}
{"time/training": 22.2565495967865, "validation/accuracy": 0.768720894199793, "time/total": 209.3273103237152, "time/evaluation": 7.202692747116089, "training/train_loss_mean": 0.029189346809404, "training/train_loss_std": 0.06509373199432181, "training/accuracy": 0.838421470906383, "iteration": 7}
{"time/training": 22.286317348480225, "validation/accuracy": 0.8865685639625642, "time/total": 239.28641772270203, "time/evaluation": 7.4989073276519775, "training/train_loss_mean": 0.02057155369765833, "training/train_loss_std": 0.05989526292678165, "training/accuracy": 0.9425784372905002, "iteration": 8}
{"time/training": 22.27448034286499, "validation/accuracy": 0.8771769378944851, "time/total": 268.959769487381, "time/evaluation": 7.219255208969116, "training/train_loss_mean": 0.014093517806180698, "training/train_loss_std": 0.054807062888505856, "training/accuracy": 0.9695499930823672, "iteration": 9}
{"time/training": 22.180473804473877, "validation/accuracy": 0.877838582110039, "time/total": 298.62964701652527, "time/evaluation": 7.488849401473999, "training/train_loss_mean": 0.010728626131108965, "training/train_loss_std": 0.050876645364510906, "training/accuracy": 0.977165850909244, "iteration": 10}
{"time/training": 22.162256717681885, "validation/accuracy": 0.8818941077153071, "time/total": 328.006196975708, "time/evaluation": 7.2137720584869385, "training/train_loss_mean": 0.008782364245949636, "training/train_loss_std": 0.04661483563909421, "training/accuracy": 0.9864101171587457, "iteration": 11}
{"time/training": 22.207804679870605, "validation/accuracy": 0.9153998150989404, "time/total": 357.69808745384216, "time/evaluation": 7.483643054962158, "training/train_loss_mean": 0.004934756989735426, "training/train_loss_std": 0.034676217114634714, "training/accuracy": 0.9899086809225712, "iteration": 12}
{"time/training": 22.189817190170288, "validation/accuracy": 0.8586417168512884, "time/total": 387.3103492259979, "time/evaluation": 7.244342565536499, "training/train_loss_mean": 0.008478505570956188, "training/train_loss_std": 0.04816388667977091, "training/accuracy": 0.974623131227282, "iteration": 13}
{"time/training": 22.16621160507202, "validation/accuracy": 0.9285854570905757, "time/total": 417.02198910713196, "time/evaluation": 7.544897556304932, "training/train_loss_mean": 0.005576105882507872, "training/train_loss_std": 0.04099038577052642, "training/accuracy": 0.9947053115093596, "iteration": 14}
{"time/training": 22.2108371257782, "validation/accuracy": 0.8039069103800796, "time/total": 446.6162648200989, "time/evaluation": 7.206835031509399, "training/train_loss_mean": 0.0077425888462524265, "training/train_loss_std": 0.047990912496210444, "training/accuracy": 0.9644985830662949, "iteration": 15}
{"time/training": 22.15143895149231, "validation/accuracy": 0.8525940679231837, "time/total": 476.33320927619934, "time/evaluation": 7.565052270889282, "training/train_loss_mean": 0.005597782139197738, "training/train_loss_std": 0.0369098681943913, "training/accuracy": 0.9865843269816008, "iteration": 16}
{"time/training": 22.253545999526978, "validation/accuracy": 0.9133846063973043, "time/total": 505.89547777175903, "time/evaluation": 7.308267831802368, "training/train_loss_mean": 0.007771798891548043, "training/train_loss_std": 0.04369257970276017, "training/accuracy": 0.9924844875628509, "iteration": 17}
{"time/training": 22.100319623947144, "validation/accuracy": 0.9321875616699892, "time/total": 535.5099120140076, "time/evaluation": 7.513599395751953, "training/train_loss_mean": 0.004901487446715162, "training/train_loss_std": 0.03777068731842252, "training/accuracy": 0.9907853512089796, "iteration": 18}
{"time/training": 22.18616509437561, "validation/accuracy": 0.9125989951487279, "time/total": 565.0350725650787, "time/evaluation": 7.166643381118774, "training/train_loss_mean": 0.00353821041530685, "training/train_loss_std": 0.030081713581319735, "training/accuracy": 0.9995282189759062, "iteration": 19}
{"time/training": 22.109598875045776, "validation/accuracy": 0.9034929048155662, "time/total": 594.6231424808502, "time/evaluation": 7.47795033454895, "training/train_loss_mean": 0.002790839276952276, "training/train_loss_std": 0.029765415644450274, "training/accuracy": 0.9413038844935169, "iteration": 20}
{"time/training": 22.20489263534546, "validation/accuracy": 0.9380337135093292, "time/total": 624.0586447715759, "time/evaluation": 7.2301740646362305, "training/train_loss_mean": 0.004476090226206169, "training/train_loss_std": 0.03768909931388605, "training/accuracy": 0.9975501146095043, "iteration": 21}
{"time/training": 22.183698654174805, "validation/accuracy": 0.8464263001416373, "time/total": 653.8679375648499, "time/evaluation": 7.4533655643463135, "training/train_loss_mean": 0.0011859575964876072, "training/train_loss_std": 0.02083952623168933, "training/accuracy": 0.9948957662088649, "iteration": 22}
{"time/training": 22.179071187973022, "validation/accuracy": 0.91676707978117, "time/total": 683.2528829574585, "time/evaluation": 7.205424547195435, "training/train_loss_mean": 0.0016884895626576258, "training/train_loss_std": 0.01817763947239901, "training/accuracy": 0.9976319080983963, "iteration": 23}
{"time/training": 22.11659336090088, "validation/accuracy": 0.9431448969169937, "time/total": 712.7536799907684, "time/evaluation": 7.383652448654175, "training/train_loss_mean": 0.0026369314762804586, "training/train_loss_std": 0.027850869418959496, "training/accuracy": 0.9939899662405087, "iteration": 24}
{"time/training": 22.041916608810425, "validation/accuracy": 0.9360491973198369, "time/total": 742.1248965263367, "time/evaluation": 7.1473469734191895, "training/train_loss_mean": 0.001561520798593589, "training/train_loss_std": 0.0226111675122626, "training/accuracy": 0.9923219492759412, "iteration": 25}
{"time/training": 21.997118711471558, "validation/accuracy": 0.951967281010863, "time/total": 771.5605144500732, "time/evaluation": 7.437854051589966, "training/train_loss_mean": 0.002860611891080089, "training/train_loss_std": 0.030693047131454584, "training/accuracy": 0.9999500363298324,