{"time/training": 34.29700040817261, "validation/accuracy": 0.3888594865641536, "time/total": 47.404890060424805, "time/evaluation": 13.107567071914673, "training/train_loss_mean": 0.3354437940105004, "training/train_loss_std": 0.28303193851533637, "training/accuracy": 0.39124884678849314, "iteration": 1}
{"time/training": 33.676888942718506, "validation/accuracy": 0.5164652021590486, "time/total": 94.28520822525024, "time/evaluation": 12.950251817703247, "training/train_loss_mean": 0.08690043244076394, "training/train_loss_std": 0.12413607484428481, "training/accuracy": 0.5340902806443677, "iteration": 2}
{"time/training": 33.45411801338196, "validation/accuracy": 0.5114515053433187, "time/total": 140.90442085266113, "time/evaluation": 12.975443601608276, "training/train_loss_mean": 0.0650977853401454, "training/train_loss_std": 0.10735898998145234, "training/accuracy": 0.5295792590434794, "iteration": 3}
{"time/training": 33.52820181846619, "validation/accuracy": 0.5538873267113185, "time/total": 187.39712262153625, "time/evaluation": 12.964023351669312, "training/train_loss_mean": 0.05524965830506596, "training/train_loss_std": 0.10326014959528902, "training/accuracy": 0.5785474464892928, "iteration": 4}
{"time/training": 33.357863664627075, "validation/accuracy": 0.7512748488429835, "time/total": 233.99981236457825, "time/evaluation": 13.055304288864136, "training/train_loss_mean": 0.03595971454115489, "training/train_loss_std": 0.08033295477139166, "training/accuracy": 0.8243987207638114, "iteration": 5}
{"time/training": 33.36930823326111, "validation/accuracy": 0.7874938520593859, "time/total": 280.9522740840912, "time/evaluation": 13.392879486083984, "training/train_loss_mean": 0.021882128846688623, "training/train_loss_std": 0.06144461897194933, "training/accuracy": 0.907023953130575, "iteration": 6}
{"time/training": 33.33274960517883, "validation/accuracy": 0.8306819993712693, "time/total": 327.6658308506012, "time/evaluation": 13.18508005142212, "training/train_loss_mean": 0.017171545283162854, "training/train_loss_std": 0.06631349068816786, "training/accuracy": 0.9297120469202691, "iteration": 7}
{"time/training": 33.403181314468384, "validation/accuracy": 0.8007921792854977, "time/total": 374.5252718925476, "time/evaluation": 13.26536774635315, "training/train_loss_mean": 0.014532372255015667, "training/train_loss_std": 0.06190549201009285, "training/accuracy": 0.9509455524304936, "iteration": 8}
{"time/training": 33.486347675323486, "validation/accuracy": 0.8649756231060678, "time/total": 421.4842712879181, "time/evaluation": 13.472130537033081, "training/train_loss_mean": 0.010776748612750983, "training/train_loss_std": 0.052903970150627845, "training/accuracy": 0.9749507843260956, "iteration": 9}
{"time/training": 33.65895199775696, "validation/accuracy": 0.8961640938860658, "time/total": 468.6804859638214, "time/evaluation": 13.330157041549683, "training/train_loss_mean": 0.011880890303721064, "training/train_loss_std": 0.0658579688584922, "training/accuracy": 0.9935903585449305, "iteration": 10}
{"time/training": 33.59078335762024, "validation/accuracy": 0.9057417476039056, "time/total": 515.9264822006226, "time/evaluation": 13.460420608520508, "training/train_loss_mean": 0.007898902571486267, "training/train_loss_std": 0.04848934497986425, "training/accuracy": 0.9604571085754909, "iteration": 11}
{"time/training": 33.61801505088806, "validation/accuracy": 0.9261479503192354, "time/total": 563.0515701770782, "time/evaluation": 13.301492929458618, "training/train_loss_mean": 0.005806712207920537, "training/train_loss_std": 0.03947362079793692, "training/accuracy": 0.999900089989455, "iteration": 12}
{"time/training": 33.608996868133545, "validation/accuracy": 0.9233269192903123, "time/total": 610.2046120166779, "time/evaluation": 13.346493482589722, "training/train_loss_mean": 0.0018245646531337173, "training/train_loss_std": 0.022719859386506686, "training/accuracy": 0.9999500536558109, "iteration": 13}
{"time/training": 33.66546082496643, "validation/accuracy": 0.864866182790713, "time/total": 657.1229612827301, "time/evaluation": 13.252360105514526, "training/train_loss_mean": 0.006064512933550766, "training/train_loss_std": 0.04641966375251546, "training/accuracy": 0.9636221881013259, "iteration": 14}
{"time/training": 33.64709973335266, "validation/accuracy": 0.8649409892694904, "time/total": 704.0721917152405, "time/evaluation": 13.301632404327393, "training/train_loss_mean": 0.007488005489639055, "training/train_loss_std": 0.05069450128252644, "training/accuracy": 0.9564903910225049, "iteration": 15}
{"time/training": 33.662353515625, "validation/accuracy": 0.9153786880477706, "time/total": 751.1119468212128, "time/evaluation": 13.376895427703857, "training/train_loss_mean": 0.004018544865211307, "training/train_loss_std": 0.032022231868410564, "training/accuracy": 0.9956628842406259, "iteration": 16}
{"time/training": 33.673508644104004, "validation/accuracy": 0.9272176959017411, "time/total": 798.0810196399689, "time/evaluation": 13.295058727264404, "training/train_loss_mean": 0.0053926399160424245, "training/train_loss_std": 0.037937065960624516, "training/accuracy": 0.9996128571477216, "iteration": 17}
{"time/training": 33.71260976791382, "validation/accuracy": 0.9418392573637263, "time/total": 845.3752715587616, "time/evaluation": 13.376748323440552, "training/train_loss_mean": 0.00044754192534264444, "training/train_loss_std": 0.009920689004917266, "training/accuracy": 0.9999500536558109, "iteration": 18}
{"time/training": 33.72431445121765, "validation/accuracy": 0.9105702122877031, "time/total": 892.5740697383881, "time/evaluation": 13.277575016021729, "training/train_loss_mean": 0.002073737169691921, "training/train_loss_std": 0.025504336287384955, "training/accuracy": 0.9967754331552292, "iteration": 19}
{"time/training": 33.64490628242493, "validation/accuracy": 0.9041192857858606, "time/total": 939.5590324401855, "time/evaluation": 13.339536666870117, "training/train_loss_mean": 0.0063102074542825005, "training/train_loss_std": 0.04286183854791337, "training/accuracy": 0.9970329513010314, "iteration": 20}
{"time/training": 33.61644649505615, "validation/accuracy": 0.9334637062690507, "time/total": 986.4774196147919, "time/evaluation": 13.301422119140625, "training/train_loss_mean": 0.002252607954856139, "training/train_loss_std": 0.027983852585278086, "training/accuracy": 0.9995628934775762, "iteration": 21}
{"time/training": 33.648186445236206, "validation/accuracy": 0.9196957684798456, "time/total": 1033.5231325626373, "time/evaluation": 13.397019624710083, "training/train_loss_mean": 0.002049890857006534, "training/train_loss_std": 0.025521083933151556, "training/accuracy": 0.9987299261516522, "iteration": 22}
{"time/training": 33.64706468582153, "validation/accuracy": 0.9283439654498767, "time/total": 1080.471165895462, "time/evaluation": 13.300432682037354, "training/train_loss_mean": 0.0010848572013157794, "training/train_loss_std": 0.016709453156734878, "training/accuracy": 0.9999500536558109, "iteration": 23}
{"time/training": 33.71926426887512, "validation/accuracy": 0.9027380526206619, "time/total": 1127.6077644824982, "time/evaluation": 13.41674518585205, "training/train_loss_mean": 0.0010160666196379752, "training/train_loss_std": 0.018426328432672986, "training/accuracy": 0.991562894580096, "iteration": 24}
{"time/training": 33.7486035823822, "validation/accuracy": 0.9298582386024311, "time/total": 1174.6591472625732, "time/evaluation": 13.302236080169678, "training/train_loss_mean": 0.003931816144774967, "training/train_loss_std": 0.03445062290693254, "training/accuracy": 0.9937743360242737, "iteration": 25}
{"time/training": 33.66812300682068, "validation/accuracy": 0.9181173344397591, "time/total": 1221.755872964859, "time/evaluation": 13.42803955078125, "training/train_loss_mean": 0.0011106530472018024, "training/train_loss_std": 0.01850966491538963, "training/accuracy": 0.9996114119912081,