{"time/training": 24.971723794937134, "validation/accuracy": 0.37666875383625475, "time/total": 33.61606311798096, "time/evaluation": 8.644112586975098, "training/train_loss_mean": 0.4380567428369926, "training/train_loss_std": 0.3221067940547637, "training/accuracy": 0.3789172742433891, "iteration": 1}
{"time/training": 24.75587487220764, "validation/accuracy": 0.3783941277393633, "time/total": 67.21362090110779, "time/evaluation": 8.607345342636108, "training/train_loss_mean": 0.16886721568578106, "training/train_loss_std": 0.15965369088320003, "training/accuracy": 0.3824859785158948, "iteration": 2}
{"time/training": 24.697263717651367, "validation/accuracy": 0.42264346255373786, "time/total": 100.73965787887573, "time/evaluation": 8.652894496917725, "training/train_loss_mean": 0.12374594925213458, "training/train_loss_std": 0.1394309777830119, "training/accuracy": 0.4478087796916725, "iteration": 3}
{"time/training": 24.666284799575806, "validation/accuracy": 0.40673428119877125, "time/total": 134.2004373073578, "time/evaluation": 8.615358114242554, "training/train_loss_mean": 0.09732929145510301, "training/train_loss_std": 0.12811589879761012, "training/accuracy": 0.4114903894498417, "iteration": 4}
{"time/training": 24.580495834350586, "validation/accuracy": 0.5087986425693433, "time/total": 167.41612195968628, "time/evaluation": 8.634687185287476, "training/train_loss_mean": 0.07308756822113344, "training/train_loss_std": 0.11526694014671589, "training/accuracy": 0.5363035736374252, "iteration": 5}
{"time/training": 24.529881954193115, "validation/accuracy": 0.49024793063960426, "time/total": 200.7306981086731, "time/evaluation": 8.608765602111816, "training/train_loss_mean": 0.06262367207613796, "training/train_loss_std": 0.1049244100899255, "training/accuracy": 0.5242102779110724, "iteration": 6}
{"time/training": 24.55072331428528, "validation/accuracy": 0.5837691653031808, "time/total": 233.89545559883118, "time/evaluation": 8.613560438156128, "training/train_loss_mean": 0.05327416212594972, "training/train_loss_std": 0.09738592979937019, "training/accuracy": 0.6305464003441353, "iteration": 7}
{"time/training": 24.45703887939453, "validation/accuracy": 0.6210704471732762, "time/total": 267.1772677898407, "time/evaluation": 8.637478351593018, "training/train_loss_mean": 0.03804633517662067, "training/train_loss_std": 0.08053397469865942, "training/accuracy": 0.750362127076446, "iteration": 8}
{"time/training": 24.412819147109985, "validation/accuracy": 0.680583405034823, "time/total": 300.4062011241913, "time/evaluation": 8.635733127593994, "training/train_loss_mean": 0.030419985418172195, "training/train_loss_std": 0.07566644677364448, "training/accuracy": 0.7262768774488985, "iteration": 9}
{"time/training": 24.37972331047058, "validation/accuracy": 0.7235976239636677, "time/total": 333.61411333084106, "time/evaluation": 8.628790140151978, "training/train_loss_mean": 0.024911560256361383, "training/train_loss_std": 0.07071132795637532, "training/accuracy": 0.8088990185078826, "iteration": 10}
{"time/training": 24.363399982452393, "validation/accuracy": 0.7022941686265484, "time/total": 366.8361396789551, "time/evaluation": 8.675052404403687, "training/train_loss_mean": 0.028361961214061124, "training/train_loss_std": 0.07725558599316217, "training/accuracy": 0.8586184695490374, "iteration": 11}
{"time/training": 24.27975583076477, "validation/accuracy": 0.7466259086421841, "time/total": 399.72091364860535, "time/evaluation": 8.60450267791748, "training/train_loss_mean": 0.017540715930679324, "training/train_loss_std": 0.06030334294488438, "training/accuracy": 0.8959165413675694, "iteration": 12}
{"time/training": 24.28611660003662, "validation/accuracy": 0.758685583010669, "time/total": 432.8233003616333, "time/evaluation": 8.622967004776001, "training/train_loss_mean": 0.016966137376602, "training/train_loss_std": 0.05966940559380608, "training/accuracy": 0.9209468520347552, "iteration": 13}
{"time/training": 24.29540228843689, "validation/accuracy": 0.7806296909857457, "time/total": 465.9467213153839, "time/evaluation": 8.646432638168335, "training/train_loss_mean": 0.013304316814666647, "training/train_loss_std": 0.05886330672074953, "training/accuracy": 0.8909291145371817, "iteration": 14}
{"time/training": 24.27038073539734, "validation/accuracy": 0.7975501312780149, "time/total": 499.06087255477905, "time/evaluation": 8.666345834732056, "training/train_loss_mean": 0.01131062356391454, "training/train_loss_std": 0.0492071308323484, "training/accuracy": 0.9375808685595496, "iteration": 15}
{"time/training": 24.21999716758728, "validation/accuracy": 0.8859723207523331, "time/total": 532.1054990291595, "time/evaluation": 8.636955261230469, "training/train_loss_mean": 0.009905742255383718, "training/train_loss_std": 0.04943704240049568, "training/accuracy": 0.991362223624798, "iteration": 16}
{"time/training": 24.221115589141846, "validation/accuracy": 0.8836702891473657, "time/total": 565.1661689281464, "time/evaluation": 8.658658504486084, "training/train_loss_mean": 0.00743833588154145, "training/train_loss_std": 0.044546884255421804, "training/accuracy": 0.9823656828819539, "iteration": 17}
{"time/training": 24.23987650871277, "validation/accuracy": 0.834936871889792, "time/total": 598.0693550109863, "time/evaluation": 8.662782669067383, "training/train_loss_mean": 0.00605519602086706, "training/train_loss_std": 0.03701944982187066, "training/accuracy": 0.9434367570935119, "iteration": 18}
{"time/training": 24.20674967765808, "validation/accuracy": 0.8776517862984848, "time/total": 630.9824743270874, "time/evaluation": 8.705896854400635, "training/train_loss_mean": 0.003630027756398919, "training/train_loss_std": 0.027607296652259916, "training/accuracy": 0.9800241092340697, "iteration": 19}
{"time/training": 24.217782497406006, "validation/accuracy": 0.8501295678236962, "time/total": 663.8831334114075, "time/evaluation": 8.682275295257568, "training/train_loss_mean": 0.006514643556011282, "training/train_loss_std": 0.041959712659268296, "training/accuracy": 0.9451439467184903, "iteration": 20}
{"time/training": 24.29090142250061, "validation/accuracy": 0.8877842634341132, "time/total": 697.036447763443, "time/evaluation": 8.86191177368164, "training/train_loss_mean": 0.009109980892507459, "training/train_loss_std": 0.049521598701171975, "training/accuracy": 0.9836132142358661, "iteration": 21}
{"time/training": 24.273077249526978, "validation/accuracy": 0.9051735610001058, "time/total": 730.1409611701965, "time/evaluation": 8.643805980682373, "training/train_loss_mean": 0.0037173170463689516, "training/train_loss_std": 0.0312172730032968, "training/accuracy": 0.9772448186434731, "iteration": 22}
{"time/training": 24.24773859977722, "validation/accuracy": 0.919397806859011, "time/total": 763.2435617446899, "time/evaluation": 8.674229383468628, "training/train_loss_mean": 0.005726216450810485, "training/train_loss_std": 0.0397212589554096, "training/accuracy": 0.9896355481333823, "iteration": 23}
{"time/training": 24.218809127807617, "validation/accuracy": 0.899714165373734, "time/total": 796.2992556095123, "time/evaluation": 8.657700538635254, "training/train_loss_mean": 0.0028940050091700044, "training/train_loss_std": 0.025736866729533615, "training/accuracy": 0.974220063878106, "iteration": 24}
{"time/training": 24.2361843585968, "validation/accuracy": 0.9293645620089601, "time/total": 829.2833545207977, "time/evaluation": 8.747375726699829, "training/train_loss_mean": 0.001651709763954866, "training/train_loss_std": 0.018196737319933882, "training/accuracy": 0.9885874377375654, "iteration": 25}
{"time/training": 24.298755168914795, "validation/accuracy": 0.9396758953806076, "time/total": 862.5395441055298, "time/evaluation": 8.77584981918335, "training/train_loss_mean": 0.002392976014170282, "training/train_loss_std": 0.02295464427385661, "training/accuracy": 0.9963356603614848,