{"time/training": 49.94570183753967, "validation/accuracy": 0.47123490370739773, "time/total": 77.30517864227295, "time/evaluation": 27.359214544296265, "training/train_loss_mean": 0.3050463193279552, "training/train_loss_std": 0.27690850043406334, "training/accuracy": 0.4666449677330391, "iteration": 1}
{"time/training": 49.835397481918335, "validation/accuracy": 0.46600421189550223, "time/total": 154.54349493980408, "time/evaluation": 27.236363649368286, "training/train_loss_mean": 0.10206000016604397, "training/train_loss_std": 0.13207879854251725, "training/accuracy": 0.4858186226928051, "iteration": 2}
{"time/training": 49.84621500968933, "validation/accuracy": 0.3645507381705829, "time/total": 231.63899540901184, "time/evaluation": 27.248751401901245, "training/train_loss_mean": 0.20725343444239802, "training/train_loss_std": 0.2077979544917797, "training/accuracy": 0.36501094608731144, "iteration": 3}
{"time/training": 49.86909317970276, "validation/accuracy": 0.4787570908237909, "time/total": 308.7928023338318, "time/evaluation": 27.284178972244263, "training/train_loss_mean": 0.1531094988141627, "training/train_loss_std": 0.16918041826180183, "training/accuracy": 0.493292676223904, "iteration": 4}
{"time/training": 49.73137831687927, "validation/accuracy": 0.511213454260584, "time/total": 385.9306905269623, "time/evaluation": 27.26565980911255, "training/train_loss_mean": 0.09178123237568826, "training/train_loss_std": 0.1368765934429277, "training/accuracy": 0.51675542609189, "iteration": 5}
{"time/training": 49.68925213813782, "validation/accuracy": 0.5659401629617234, "time/total": 463.02927017211914, "time/evaluation": 27.269283294677734, "training/train_loss_mean": 0.070698350551309, "training/train_loss_std": 0.1174003938075166, "training/accuracy": 0.6040031374254596, "iteration": 6}
{"time/training": 49.632790088653564, "validation/accuracy": 0.6858408215071498, "time/total": 540.1161086559296, "time/evaluation": 27.31139850616455, "training/train_loss_mean": 0.05588678169191639, "training/train_loss_std": 0.1031415335825553, "training/accuracy": 0.7116839240155848, "iteration": 7}
{"time/training": 49.59282183647156, "validation/accuracy": 0.7281582735839729, "time/total": 617.1177995204926, "time/evaluation": 27.26171565055847, "training/train_loss_mean": 0.04077777103697386, "training/train_loss_std": 0.09180803836305029, "training/accuracy": 0.7757358684044127, "iteration": 8}
{"time/training": 49.61773204803467, "validation/accuracy": 0.5061337902868067, "time/total": 694.1967825889587, "time/evaluation": 27.312768936157227, "training/train_loss_mean": 0.05687897478713375, "training/train_loss_std": 0.1230920468654511, "training/accuracy": 0.5713064890687305, "iteration": 9}
{"time/training": 49.55060124397278, "validation/accuracy": 0.6999700052187986, "time/total": 771.0091645717621, "time/evaluation": 27.261162042617798, "training/train_loss_mean": 0.03954988671446084, "training/train_loss_std": 0.09511993214390338, "training/accuracy": 0.7748667778807701, "iteration": 10}
{"time/training": 49.697874784469604, "validation/accuracy": 0.8814240064273416, "time/total": 847.9730644226074, "time/evaluation": 27.26545763015747, "training/train_loss_mean": 0.026910095127342052, "training/train_loss_std": 0.07148908390058517, "training/accuracy": 0.923900779389806, "iteration": 11}
{"time/training": 49.59238290786743, "validation/accuracy": 0.8723827714791976, "time/total": 925.0291452407837, "time/evaluation": 27.308054208755493, "training/train_loss_mean": 0.01850433219348536, "training/train_loss_std": 0.06203818075091677, "training/accuracy": 0.8989298845115725, "iteration": 12}
{"time/training": 49.51430702209473, "validation/accuracy": 0.8946772578071058, "time/total": 1001.8722276687622, "time/evaluation": 27.328216075897217, "training/train_loss_mean": 0.01756206671342961, "training/train_loss_std": 0.06639635999209598, "training/accuracy": 0.9541645107369089, "iteration": 13}
{"time/training": 49.526607275009155, "validation/accuracy": 0.9145259137085671, "time/total": 1078.811520576477, "time/evaluation": 27.267327785491943, "training/train_loss_mean": 0.018888267329519322, "training/train_loss_std": 0.06465238304995433, "training/accuracy": 0.9671954314809994, "iteration": 14}
{"time/training": 49.34661936759949, "validation/accuracy": 0.8954560869792976, "time/total": 1155.587895154953, "time/evaluation": 27.28409171104431, "training/train_loss_mean": 0.012272445721888419, "training/train_loss_std": 0.0532400936749637, "training/accuracy": 0.9671370313424535, "iteration": 15}
{"time/training": 49.43580985069275, "validation/accuracy": 0.9244484979903544, "time/total": 1232.327870130539, "time/evaluation": 27.303623914718628, "training/train_loss_mean": 0.016626684423028466, "training/train_loss_std": 0.07253973077402263, "training/accuracy": 0.9701481831693263, "iteration": 16}
{"time/training": 49.39027738571167, "validation/accuracy": 0.9126286013388064, "time/total": 1309.1556701660156, "time/evaluation": 27.293760061264038, "training/train_loss_mean": 0.015216928412162701, "training/train_loss_std": 0.06204373014285679, "training/accuracy": 0.9521948601183052, "iteration": 17}
{"time/training": 49.46242427825928, "validation/accuracy": 0.9117936619543741, "time/total": 1385.9307873249054, "time/evaluation": 27.31216812133789, "training/train_loss_mean": 0.014680747776113516, "training/train_loss_std": 0.05874704160137065, "training/accuracy": 0.9597213350791733, "iteration": 18}
{"time/training": 49.5131618976593, "validation/accuracy": 0.932748009973244, "time/total": 1462.749323606491, "time/evaluation": 27.30485439300537, "training/train_loss_mean": 0.010889160120607661, "training/train_loss_std": 0.0499960981051898, "training/accuracy": 0.9708439722139264, "iteration": 19}
{"time/training": 49.383169651031494, "validation/accuracy": 0.8766346103888184, "time/total": 1539.5518260002136, "time/evaluation": 27.27081847190857, "training/train_loss_mean": 0.025173540786515982, "training/train_loss_std": 0.0906104518491708, "training/accuracy": 0.8924730035152416, "iteration": 20}
{"time/training": 49.43381977081299, "validation/accuracy": 0.9405190012778151, "time/total": 1616.3033361434937, "time/evaluation": 27.31717014312744, "training/train_loss_mean": 0.037752424645046044, "training/train_loss_std": 0.09895236222621344, "training/accuracy": 0.9870808347160518, "iteration": 21}
{"time/training": 49.44505310058594, "validation/accuracy": 0.8948722326858137, "time/total": 1693.1662731170654, "time/evaluation": 27.273746967315674, "training/train_loss_mean": 0.01402549696423931, "training/train_loss_std": 0.060705221218907895, "training/accuracy": 0.966905941900194, "iteration": 22}
{"time/training": 49.468554973602295, "validation/accuracy": 0.9156888670566861, "time/total": 1769.9506900310516, "time/evaluation": 27.315263032913208, "training/train_loss_mean": 0.014867272157706486, "training/train_loss_std": 0.06678498775452038, "training/accuracy": 0.9863815454537411, "iteration": 23}
{"time/training": 49.44427299499512, "validation/accuracy": 0.9393910782823477, "time/total": 1846.717003107071, "time/evaluation": 27.321453094482422, "training/train_loss_mean": 0.014240631993743591, "training/train_loss_std": 0.06259002445680514, "training/accuracy": 0.9874537831630444, "iteration": 24}
{"time/training": 49.42161774635315, "validation/accuracy": 0.9205176735257975, "time/total": 1923.4196169376373, "time/evaluation": 27.280463695526123, "training/train_loss_mean": 0.01210020584735252, "training/train_loss_std": 0.06504837637779004, "training/accuracy": 0.9871436179803528, "iteration": 25}
{"time/training": 49.39503884315491, "validation/accuracy": 0.9327190838843918, "time/total": 2000.065608739853, "time/evaluation": 27.25023865699768, "training/train_loss_mean": 0.009548771222378448, "training/train_loss_std": 0.05171087884107758, "training/accuracy": 0.9919787700665081,