{"time/training": 38.024024963378906, "validation/accuracy": 0.38116650473794766, "time/total": 47.00399112701416, "time/evaluation": 8.979680299758911, "training/train_loss_mean": 0.3959379026204289, "training/train_loss_std": 0.26543521149501437, "training/accuracy": 0.38327021150985785, "iteration": 1}
{"time/training": 37.601232290267944, "validation/accuracy": 0.3959595092033025, "time/total": 94.16167783737183, "time/evaluation": 9.025972366333008, "training/train_loss_mean": 0.13768154541855518, "training/train_loss_std": 0.15406368548444593, "training/accuracy": 0.4063223279504394, "iteration": 2}
{"time/training": 37.494887828826904, "validation/accuracy": 0.514442401065526, "time/total": 141.10357904434204, "time/evaluation": 8.94641375541687, "training/train_loss_mean": 0.07004602538260418, "training/train_loss_std": 0.10295743348767127, "training/accuracy": 0.5435635006021399, "iteration": 3}
{"time/training": 37.180092096328735, "validation/accuracy": 0.5404609774446654, "time/total": 187.73754572868347, "time/evaluation": 8.965155363082886, "training/train_loss_mean": 0.042225156305861974, "training/train_loss_std": 0.07318055395037741, "training/accuracy": 0.5864725520644579, "iteration": 4}
{"time/training": 37.06521987915039, "validation/accuracy": 0.8296855323840292, "time/total": 234.31847858428955, "time/evaluation": 9.012974977493286, "training/train_loss_mean": 0.02183862604706376, "training/train_loss_std": 0.05318610999152031, "training/accuracy": 0.9355681670746072, "iteration": 5}
{"time/training": 36.84569001197815, "validation/accuracy": 0.9013806416327921, "time/total": 280.5983180999756, "time/evaluation": 8.94553017616272, "training/train_loss_mean": 0.012099254058970058, "training/train_loss_std": 0.04558119274117661, "training/accuracy": 0.9787197670881881, "iteration": 6}
{"time/training": 36.676297426223755, "validation/accuracy": 0.9162327831623414, "time/total": 326.7173206806183, "time/evaluation": 8.962266683578491, "training/train_loss_mean": 0.005358717555319295, "training/train_loss_std": 0.030178960642259754, "training/accuracy": 0.9950301228698709, "iteration": 7}
{"time/training": 36.58660674095154, "validation/accuracy": 0.9156348499240409, "time/total": 372.8300988674164, "time/evaluation": 9.02422571182251, "training/train_loss_mean": 0.0033387800408884753, "training/train_loss_std": 0.02956054896782519, "training/accuracy": 0.9916777720533, "iteration": 8}
{"time/training": 36.59676003456116, "validation/accuracy": 0.9260170843176851, "time/total": 418.4750626087189, "time/evaluation": 9.047777652740479, "training/train_loss_mean": 0.004899893904731707, "training/train_loss_std": 0.035845948651419005, "training/accuracy": 0.9962730905408584, "iteration": 9}
{"time/training": 36.571324825286865, "validation/accuracy": 0.9259756610285349, "time/total": 464.47185158729553, "time/evaluation": 8.93933391571045, "training/train_loss_mean": 0.0037816380392412855, "training/train_loss_std": 0.03822141692859476, "training/accuracy": 0.9970671796793562, "iteration": 10}
{"time/training": 36.572198152542114, "validation/accuracy": 0.9400221921178922, "time/total": 510.0081539154053, "time/evaluation": 8.96354603767395, "training/train_loss_mean": 0.006421849203997133, "training/train_loss_std": 0.03980908942384484, "training/accuracy": 0.9942842621792971, "iteration": 11}
{"time/training": 36.60587239265442, "validation/accuracy": 0.9303749081316905, "time/total": 556.0448250770569, "time/evaluation": 8.98135495185852, "training/train_loss_mean": 0.002451086746455756, "training/train_loss_std": 0.022835142867766674, "training/accuracy": 0.9973497016266848, "iteration": 12}
{"time/training": 36.5817711353302, "validation/accuracy": 0.9125926115469764, "time/total": 601.5619175434113, "time/evaluation": 8.934864044189453, "training/train_loss_mean": 0.0017776191425682769, "training/train_loss_std": 0.01845606314046191, "training/accuracy": 0.9748354429200325, "iteration": 13}
{"time/training": 36.57750940322876, "validation/accuracy": 0.9266280856804252, "time/total": 647.1200985908508, "time/evaluation": 8.980153799057007, "training/train_loss_mean": 0.002779485427114611, "training/train_loss_std": 0.021641987531308863, "training/accuracy": 0.9991049771154927, "iteration": 14}
{"time/training": 36.55233430862427, "validation/accuracy": 0.9571036263305019, "time/total": 692.6310703754425, "time/evaluation": 8.958165168762207, "training/train_loss_mean": 0.002244673202041281, "training/train_loss_std": 0.023486808262501938, "training/accuracy": 0.9996128571477216, "iteration": 15}
{"time/training": 36.627092123031616, "validation/accuracy": 0.937438090301613, "time/total": 738.7917048931122, "time/evaluation": 9.071441888809204, "training/train_loss_mean": 0.0005756582279384994, "training/train_loss_std": 0.009204743844840142, "training/accuracy": 0.9994768978959616, "iteration": 16}
{"time/training": 36.628997564315796, "validation/accuracy": 0.9532852261810426, "time/total": 784.4162857532501, "time/evaluation": 8.995039463043213, "training/train_loss_mean": 0.0004927030505826217, "training/train_loss_std": 0.007712272188889731, "training/accuracy": 0.9995614656470414, "iteration": 17}
{"time/training": 36.61715531349182, "validation/accuracy": 0.9602257101359528, "time/total": 830.0187873840332, "time/evaluation": 8.98471188545227, "training/train_loss_mean": 0.0006796873484802738, "training/train_loss_std": 0.012409735936407967, "training/accuracy": 0.9991520388525078, "iteration": 18}
{"time/training": 36.57486605644226, "validation/accuracy": 0.9547349635109089, "time/total": 876.0262386798859, "time/evaluation": 8.942943811416626, "training/train_loss_mean": 0.0003883644836723689, "training/train_loss_std": 0.009286591508406715, "training/accuracy": 1.0, "iteration": 19}
{"time/training": 36.567474365234375, "validation/accuracy": 0.9649151566269994, "time/total": 921.5639894008636, "time/evaluation": 8.969796895980835, "training/train_loss_mean": 9.75747213978475e-06, "training/train_loss_std": 1.6424019423465952e-05, "training/accuracy": 1.0, "iteration": 20}
{"time/training": 36.55514216423035, "validation/accuracy": 0.966816192243852, "time/total": 967.607907295227, "time/evaluation": 8.981348514556885, "training/train_loss_mean": 1.2685990699945996e-05, "training/train_loss_std": 0.0001553891732021544, "training/accuracy": 1.0, "iteration": 21}
{"time/training": 36.538392782211304, "validation/accuracy": 0.9621665786117177, "time/total": 1013.5567691326141, "time/evaluation": 8.906660318374634, "training/train_loss_mean": 4.329419027189441e-06, "training/train_loss_std": 7.101730423409571e-06, "training/accuracy": 1.0, "iteration": 22}
{"time/training": 36.50286412239075, "validation/accuracy": 0.9491982753534074, "time/total": 1059.0293409824371, "time/evaluation": 8.969235181808472, "training/train_loss_mean": 0.00017837569524244184, "training/train_loss_std": 0.003458751069525658, "training/accuracy": 0.9970854205341716, "iteration": 23}
{"time/training": 36.56502413749695, "validation/accuracy": 0.9519374249935646, "time/total": 1104.5874094963074, "time/evaluation": 8.992586851119995, "training/train_loss_mean": 0.0018787926361927192, "training/train_loss_std": 0.02003439424998437, "training/accuracy": 0.9995614656470414, "iteration": 24}
{"time/training": 36.59290814399719, "validation/accuracy": 0.9527080145854135, "time/total": 1150.1677856445312, "time/evaluation": 8.986919641494751, "training/train_loss_mean": 0.001254938044224569, "training/train_loss_std": 0.02320396757865631, "training/accuracy": 1.0, "iteration": 25}
{"time/training": 36.624741077423096, "validation/accuracy": 0.9603435124940477, "time/total": 1195.7952826023102, "time/evaluation": 9.002267599105835, "training/train_loss_mean": 0.0006955842364370585, "training/train_loss_std": 0.01541860868381828, "training/accuracy": 1.0, "iteration": 26}
{"time/training": 36.58901119232178, "validation/accuracy": 0.9606067634254882,