{"time/training": 33.06118631362915, "validation/accuracy": 0.30206734347896347, "time/total": 39.635338306427, "time/evaluation": 6.573840618133545, "training/train_loss_mean": 0.5470138439512628, "training/train_loss_std": 0.20249503346265105, "training/accuracy": 0.30775174680294726, "iteration": 1}
{"time/training": 32.558510541915894, "validation/accuracy": 0.382498022611539, "time/total": 79.1890938282013, "time/evaluation": 6.396631956100464, "training/train_loss_mean": 0.24484259381112972, "training/train_loss_std": 0.19093823163749335, "training/accuracy": 0.38749570427010976, "iteration": 2}
{"time/training": 32.201528549194336, "validation/accuracy": 0.3834317217075166, "time/total": 118.45720791816711, "time/evaluation": 6.609915018081665, "training/train_loss_mean": 0.12979748663565832, "training/train_loss_std": 0.1372560209918515, "training/accuracy": 0.3886473984250075, "iteration": 3}
{"time/training": 32.06024432182312, "validation/accuracy": 0.4607686116960359, "time/total": 157.29235696792603, "time/evaluation": 6.315398931503296, "training/train_loss_mean": 0.0941244098526521, "training/train_loss_std": 0.12219137991421133, "training/accuracy": 0.5140892394493409, "iteration": 4}
{"time/training": 31.901052951812744, "validation/accuracy": 0.4787733665381368, "time/total": 196.16723704338074, "time/evaluation": 6.544602632522583, "training/train_loss_mean": 0.07196204899278594, "training/train_loss_std": 0.10020747148020503, "training/accuracy": 0.5351915496283354, "iteration": 5}
{"time/training": 31.78256583213806, "validation/accuracy": 0.4797263946285951, "time/total": 234.73176264762878, "time/evaluation": 6.330877780914307, "training/train_loss_mean": 0.05694571619451882, "training/train_loss_std": 0.08690574850529656, "training/accuracy": 0.5549613477840357, "iteration": 6}
{"time/training": 31.687477588653564, "validation/accuracy": 0.4942314299338276, "time/total": 273.49925684928894, "time/evaluation": 6.607356309890747, "training/train_loss_mean": 0.05003693188278474, "training/train_loss_std": 0.09645310554953623, "training/accuracy": 0.5662194292360188, "iteration": 7}
{"time/training": 31.67219877243042, "validation/accuracy": 0.5202518694340605, "time/total": 311.940904378891, "time/evaluation": 6.328114032745361, "training/train_loss_mean": 0.04006903521339849, "training/train_loss_std": 0.07856976718145237, "training/accuracy": 0.6744243930557424, "iteration": 8}
{"time/training": 31.590458869934082, "validation/accuracy": 0.6526989128744849, "time/total": 350.603963136673, "time/evaluation": 6.6263415813446045, "training/train_loss_mean": 0.03300076244640949, "training/train_loss_std": 0.06994976740372028, "training/accuracy": 0.8386310182491135, "iteration": 9}
{"time/training": 31.497178077697754, "validation/accuracy": 0.6164090701375355, "time/total": 388.9058847427368, "time/evaluation": 6.362678527832031, "training/train_loss_mean": 0.024911687514189207, "training/train_loss_std": 0.06335290308674864, "training/accuracy": 0.8220954958414696, "iteration": 10}
{"time/training": 31.382338047027588, "validation/accuracy": 0.7224554409232572, "time/total": 426.88733649253845, "time/evaluation": 6.598592042922974, "training/train_loss_mean": 0.018477333777911383, "training/train_loss_std": 0.04737951188972098, "training/accuracy": 0.9540331315159254, "iteration": 11}
{"time/training": 31.291590452194214, "validation/accuracy": 0.7422962416819907, "time/total": 465.02786231040955, "time/evaluation": 6.394263744354248, "training/train_loss_mean": 0.011870285919083715, "training/train_loss_std": 0.03726811597560222, "training/accuracy": 0.9526455410135943, "iteration": 12}
{"time/training": 31.298115968704224, "validation/accuracy": 0.8073638508115863, "time/total": 503.3427321910858, "time/evaluation": 6.549741506576538, "training/train_loss_mean": 0.008424234880589583, "training/train_loss_std": 0.033839664069267916, "training/accuracy": 0.9821914606573439, "iteration": 13}
{"time/training": 31.31865930557251, "validation/accuracy": 0.8232714345715012, "time/total": 541.4915978908539, "time/evaluation": 6.367667198181152, "training/train_loss_mean": 0.00660422278937561, "training/train_loss_std": 0.03345431289066028, "training/accuracy": 0.9840604078867544, "iteration": 14}
{"time/training": 31.23055124282837, "validation/accuracy": 0.839603723858386, "time/total": 579.8331136703491, "time/evaluation": 6.626579523086548, "training/train_loss_mean": 0.003705537751776269, "training/train_loss_std": 0.019293936217670234, "training/accuracy": 0.9919462595583275, "iteration": 15}
{"time/training": 31.2065532207489, "validation/accuracy": 0.8228390168974522, "time/total": 617.9047286510468, "time/evaluation": 6.394683837890625, "training/train_loss_mean": 0.002017262223648507, "training/train_loss_std": 0.01961583169261358, "training/accuracy": 0.9919307700323676, "iteration": 16}
{"time/training": 31.087981462478638, "validation/accuracy": 0.8527072390974257, "time/total": 655.6659350395203, "time/evaluation": 6.672666549682617, "training/train_loss_mean": 0.004933254082419535, "training/train_loss_std": 0.0333475700834481, "training/accuracy": 0.9919725919245034, "iteration": 17}
{"time/training": 31.116596460342407, "validation/accuracy": 0.8521686094959252, "time/total": 693.6003801822662, "time/evaluation": 6.347691535949707, "training/train_loss_mean": 0.004243526645111311, "training/train_loss_std": 0.030880864999921064, "training/accuracy": 0.9953606005674056, "iteration": 18}
{"time/training": 31.03888726234436, "validation/accuracy": 0.8746731661253925, "time/total": 731.1745727062225, "time/evaluation": 6.534814357757568, "training/train_loss_mean": 0.002585539695564518, "training/train_loss_std": 0.022887120548348867, "training/accuracy": 0.9968597269950361, "iteration": 19}
{"time/training": 31.120679140090942, "validation/accuracy": 0.8478221492712367, "time/total": 769.1038990020752, "time/evaluation": 6.345762729644775, "training/train_loss_mean": 0.0019481395949138302, "training/train_loss_std": 0.028624424375060808, "training/accuracy": 0.9981615862226911, "iteration": 20}
{"time/training": 31.105274200439453, "validation/accuracy": 0.8691056954218027, "time/total": 806.6722874641418, "time/evaluation": 6.462527751922607, "training/train_loss_mean": 0.0019422621479997912, "training/train_loss_std": 0.025370038103467208, "training/accuracy": 0.9984175606394816, "iteration": 21}
{"time/training": 31.128310441970825, "validation/accuracy": 0.8787090676959997, "time/total": 844.2038209438324, "time/evaluation": 6.402688264846802, "training/train_loss_mean": 0.0012051941158253297, "training/train_loss_std": 0.011243944830132843, "training/accuracy": 1.0, "iteration": 22}
{"time/training": 31.144676446914673, "validation/accuracy": 0.8781170143761179, "time/total": 882.3804912567139, "time/evaluation": 6.5544703006744385, "training/train_loss_mean": 0.0017768004583121806, "training/train_loss_std": 0.016415322703153268, "training/accuracy": 1.0, "iteration": 23}
{"time/training": 31.224506855010986, "validation/accuracy": 0.8881363302342601, "time/total": 919.8884952068329, "time/evaluation": 6.283009767532349, "training/train_loss_mean": 0.0022076208052323894, "training/train_loss_std": 0.02117347905527159, "training/accuracy": 0.9980286246814478, "iteration": 24}
{"time/training": 31.083110809326172, "validation/accuracy": 0.887676878428531, "time/total": 958.010247707367, "time/evaluation": 6.549776077270508, "training/train_loss_mean": 0.001402515318340744, "training/train_loss_std": 0.022715668519765315, "training/accuracy": 0.9849146327376761, "iteration": 25}
{"time/training": 31.16729497909546, "validation/accuracy": 0.9055002321378465, "time/total": 995.5637073516846, "time/evaluation": 6.385594606399536, "training/train_loss_mean": 0.0007430873004157934, "training/train_loss_std": 0.011319145099003067, "training/accuracy": 0.9999500536558109, "iteration": 26}
{"time/training": 31.15584421157837,