{"time/training": 47.91515326499939, "validation/accuracy": 0.37881938350900035, "time/total": 63.32528376579285, "time/evaluation": 15.409852981567383, "training/train_loss_mean": 0.2900873296641136, "training/train_loss_std": 0.2520643696572286, "training/accuracy": 0.38283753303599033, "iteration": 1}
{"time/training": 47.122172117233276, "validation/accuracy": 0.4995994333537463, "time/total": 126.41666007041931, "time/evaluation": 15.362322330474854, "training/train_loss_mean": 0.0935119909695423, "training/train_loss_std": 0.13054288795908842, "training/accuracy": 0.5100488993401897, "iteration": 2}
{"time/training": 46.85587239265442, "validation/accuracy": 0.6482713371382575, "time/total": 189.07663941383362, "time/evaluation": 15.335730791091919, "training/train_loss_mean": 0.04944816985635974, "training/train_loss_std": 0.08686192955431352, "training/accuracy": 0.668346473282557, "iteration": 3}
{"time/training": 46.62457728385925, "validation/accuracy": 0.7204626673609353, "time/total": 251.5236988067627, "time/evaluation": 15.358293771743774, "training/train_loss_mean": 0.02445705963381063, "training/train_loss_std": 0.06619259818520891, "training/accuracy": 0.7452816371952461, "iteration": 4}
{"time/training": 46.38162708282471, "validation/accuracy": 0.8420251377071668, "time/total": 313.6977174282074, "time/evaluation": 15.33712100982666, "training/train_loss_mean": 0.013763175222145688, "training/train_loss_std": 0.05619679508155532, "training/accuracy": 0.915280615757213, "iteration": 5}
{"time/training": 46.27627611160278, "validation/accuracy": 0.8887530480196665, "time/total": 375.77435398101807, "time/evaluation": 15.330114603042603, "training/train_loss_mean": 0.010909129740034622, "training/train_loss_std": 0.05542216310115176, "training/accuracy": 0.9671431837863669, "iteration": 6}
{"time/training": 46.13408088684082, "validation/accuracy": 0.9306925052571335, "time/total": 437.7064757347107, "time/evaluation": 15.313305139541626, "training/train_loss_mean": 0.004384387885067382, "training/train_loss_std": 0.03377178088032206, "training/accuracy": 0.9934293234666087, "iteration": 7}
{"time/training": 46.05570912361145, "validation/accuracy": 0.9000107404595672, "time/total": 499.5758535861969, "time/evaluation": 15.347862720489502, "training/train_loss_mean": 0.002555426031533103, "training/train_loss_std": 0.0252405617624773, "training/accuracy": 0.9885094096388125, "iteration": 8}
{"time/training": 46.07203531265259, "validation/accuracy": 0.923298480295756, "time/total": 560.9451732635498, "time/evaluation": 15.296830415725708, "training/train_loss_mean": 0.004597567679153631, "training/train_loss_std": 0.039361157822427696, "training/accuracy": 0.9953583099628892, "iteration": 9}
{"time/training": 46.07966756820679, "validation/accuracy": 0.9259506715729058, "time/total": 622.3786730766296, "time/evaluation": 15.35335898399353, "training/train_loss_mean": 0.001358231800029927, "training/train_loss_std": 0.021828889458467282, "training/accuracy": 0.995631546056743, "iteration": 10}
{"time/training": 46.12691688537598, "validation/accuracy": 0.8883296893450859, "time/total": 683.9262580871582, "time/evaluation": 15.420145273208618, "training/train_loss_mean": 0.0052986827615729174, "training/train_loss_std": 0.03804373603015126, "training/accuracy": 0.9804944202791581, "iteration": 11}
{"time/training": 46.20232915878296, "validation/accuracy": 0.9274731180026571, "time/total": 745.5441675186157, "time/evaluation": 15.415103197097778, "training/train_loss_mean": 0.004106937435065583, "training/train_loss_std": 0.035673931317230796, "training/accuracy": 0.9815509087493786, "iteration": 12}
{"time/training": 46.200103998184204, "validation/accuracy": 0.9404820468316698, "time/total": 807.087521314621, "time/evaluation": 15.342759609222412, "training/train_loss_mean": 0.0018715179709169758, "training/train_loss_std": 0.021685675110771328, "training/accuracy": 0.9920805090051505, "iteration": 13}
{"time/training": 46.09305262565613, "validation/accuracy": 0.9154473771968086, "time/total": 869.0552563667297, "time/evaluation": 15.389175415039062, "training/train_loss_mean": 0.0010912465501135334, "training/train_loss_std": 0.013418745326362095, "training/accuracy": 0.9968597269950361, "iteration": 14}
{"time/training": 46.08156871795654, "validation/accuracy": 0.9308162201849501, "time/total": 930.4576959609985, "time/evaluation": 15.320349216461182, "training/train_loss_mean": 0.0007464171346428189, "training/train_loss_std": 0.017344766734915702, "training/accuracy": 1.0, "iteration": 15}
{"time/training": 46.08388137817383, "validation/accuracy": 0.9395062127347762, "time/total": 991.8854620456696, "time/evaluation": 15.34338927268982, "training/train_loss_mean": 9.834833704601584e-06, "training/train_loss_std": 1.935354466748131e-05, "training/accuracy": 1.0, "iteration": 16}
{"time/training": 46.05882668495178, "validation/accuracy": 0.9375807344794292, "time/total": 1053.2682092189789, "time/evaluation": 15.323466539382935, "training/train_loss_mean": 6.3363652982191945e-06, "training/train_loss_std": 1.37996958335346e-05, "training/accuracy": 1.0, "iteration": 17}
{"time/training": 46.11254930496216, "validation/accuracy": 0.9374792891976899, "time/total": 1114.7360880374908, "time/evaluation": 15.35480284690857, "training/train_loss_mean": 5.230276336107178e-06, "training/train_loss_std": 2.9537160671785418e-05, "training/accuracy": 1.0, "iteration": 18}
{"time/training": 46.12994956970215, "validation/accuracy": 0.9417345118118219, "time/total": 1176.1804361343384, "time/evaluation": 15.313920736312866, "training/train_loss_mean": 2.958666374834639e-06, "training/train_loss_std": 7.261857749330351e-06, "training/accuracy": 1.0, "iteration": 19}
{"time/training": 46.06224226951599, "validation/accuracy": 0.9417345118118219, "time/total": 1238.0662400722504, "time/evaluation": 15.359198093414307, "training/train_loss_mean": 2.00493260119695e-06, "training/train_loss_std": 4.705543104353107e-06, "training/accuracy": 1.0, "iteration": 20}
{"time/training": 46.055203676223755, "validation/accuracy": 0.9436668020750719, "time/total": 1299.9257485866547, "time/evaluation": 15.321353912353516, "training/train_loss_mean": 1.4182648639043118e-06, "training/train_loss_std": 3.103934052268908e-06, "training/accuracy": 1.0, "iteration": 21}
{"time/training": 46.064411878585815, "validation/accuracy": 0.9417345118118219, "time/total": 1361.7975509166718, "time/evaluation": 15.327868700027466, "training/train_loss_mean": 1.1121803527605983e-06, "training/train_loss_std": 2.2922412070589166e-06, "training/accuracy": 1.0, "iteration": 22}
{"time/training": 45.997565031051636, "validation/accuracy": 0.9417345118118219, "time/total": 1423.078361272812, "time/evaluation": 15.282779693603516, "training/train_loss_mean": 9.534606577385889e-07, "training/train_loss_std": 3.863689807146181e-06, "training/accuracy": 1.0, "iteration": 23}
{"time/training": 46.155075550079346, "validation/accuracy": 0.9417345118118219, "time/total": 1484.5455935001373, "time/evaluation": 15.311710119247437, "training/train_loss_mean": 6.399198786516446e-07, "training/train_loss_std": 2.4571787962721044e-06, "training/accuracy": 1.0, "iteration": 24}
{"time/training": 46.08321690559387, "validation/accuracy": 0.9431876577824434, "time/total": 1545.9219200611115, "time/evaluation": 15.292673349380493, "training/train_loss_mean": 4.060886350715002e-07, "training/train_loss_std": 1.2575300820737714e-06, "training/accuracy": 1.0, "iteration": 25}
{"time/training": 46.0169894695282, "validation/accuracy": 0.9406255660232217, "time/total": 1607.2428777217865, "time/evaluation": 15.303499221801758, "training/train_loss_mean": 2.790317791640443e-07, "training/train_loss_std": 5.793794001567731e-07, "training/accuracy": 1.0, "iteration": 26}
{"time/training": 45.97817826271057, "validation/accuracy": 0.9447365103602969, "time/total": 1668.5264592170715,