{"time/training": 71.24877762794495, "validation/accuracy": 0.42611162372999106, "time/total": 101.83603429794312, "time/evaluation": 30.586991786956787, "training/train_loss_mean": 0.2788883808257762, "training/train_loss_std": 0.2735550308322836, "training/accuracy": 0.44341210381873325, "iteration": 1}
{"time/training": 70.86118507385254, "validation/accuracy": 0.48134755624672315, "time/total": 203.90551447868347, "time/evaluation": 30.56241273880005, "training/train_loss_mean": 0.07956892906566239, "training/train_loss_std": 0.10926066377692725, "training/accuracy": 0.513755945869182, "iteration": 2}
{"time/training": 70.47593879699707, "validation/accuracy": 0.5361786546931726, "time/total": 305.4217381477356, "time/evaluation": 30.526525497436523, "training/train_loss_mean": 0.05794258984392436, "training/train_loss_std": 0.10252087176005556, "training/accuracy": 0.5447188133097125, "iteration": 3}
{"time/training": 70.44011616706848, "validation/accuracy": 0.6918222004272797, "time/total": 406.91453671455383, "time/evaluation": 30.537678241729736, "training/train_loss_mean": 0.04452262503061972, "training/train_loss_std": 0.08867351820959059, "training/accuracy": 0.7656149575632331, "iteration": 4}
{"time/training": 70.29846239089966, "validation/accuracy": 0.6741897065589868, "time/total": 508.32039737701416, "time/evaluation": 30.576318740844727, "training/train_loss_mean": 0.03257458360764193, "training/train_loss_std": 0.08066016276901157, "training/accuracy": 0.7432571451041654, "iteration": 5}
{"time/training": 70.17464709281921, "validation/accuracy": 0.8300435181205442, "time/total": 609.0733971595764, "time/evaluation": 30.577874898910522, "training/train_loss_mean": 0.030500186449072625, "training/train_loss_std": 0.09366905611745253, "training/accuracy": 0.935140066726692, "iteration": 6}
{"time/training": 69.981454372406, "validation/accuracy": 0.8960203670905015, "time/total": 710.0991990566254, "time/evaluation": 30.524271726608276, "training/train_loss_mean": 0.013895559230866094, "training/train_loss_std": 0.05895242320660394, "training/accuracy": 0.9871503443266292, "iteration": 7}
{"time/training": 69.96600437164307, "validation/accuracy": 0.898163714509896, "time/total": 811.1707239151001, "time/evaluation": 30.59538245201111, "training/train_loss_mean": 0.014349727046790104, "training/train_loss_std": 0.06588271940194226, "training/accuracy": 0.9815312595075326, "iteration": 8}
{"time/training": 69.97130060195923, "validation/accuracy": 0.9168562062774541, "time/total": 912.2268350124359, "time/evaluation": 30.562590837478638, "training/train_loss_mean": 0.010151941010347608, "training/train_loss_std": 0.054975252974903105, "training/accuracy": 0.9768283439086117, "iteration": 9}
{"time/training": 70.11977791786194, "validation/accuracy": 0.8969994013698969, "time/total": 1013.673926115036, "time/evaluation": 30.80144500732422, "training/train_loss_mean": 0.02195852481838917, "training/train_loss_std": 0.07880451666750038, "training/accuracy": 0.9621734235367171, "iteration": 10}
{"time/training": 70.33402037620544, "validation/accuracy": 0.8735027022549545, "time/total": 1114.8278534412384, "time/evaluation": 30.819416046142578, "training/train_loss_mean": 0.014748285338099253, "training/train_loss_std": 0.0659085623622846, "training/accuracy": 0.978414807710046, "iteration": 11}
{"time/training": 70.33518862724304, "validation/accuracy": 0.9144142661063656, "time/total": 1216.011886358261, "time/evaluation": 30.848324298858643, "training/train_loss_mean": 0.01168039207557339, "training/train_loss_std": 0.06244898837686706, "training/accuracy": 0.9853992908703024, "iteration": 12}
{"time/training": 70.3277518749237, "validation/accuracy": 0.928013370664447, "time/total": 1317.2100265026093, "time/evaluation": 30.869913339614868, "training/train_loss_mean": 0.008621619559407847, "training/train_loss_std": 0.05288962981362929, "training/accuracy": 0.9919148609472084, "iteration": 13}
{"time/training": 70.56458687782288, "validation/accuracy": 0.8993003710069655, "time/total": 1419.1234531402588, "time/evaluation": 30.84871220588684, "training/train_loss_mean": 0.03745462928547324, "training/train_loss_std": 0.09872622798277782, "training/accuracy": 0.9722979722193482, "iteration": 14}
{"time/training": 70.30645108222961, "validation/accuracy": 0.9217325621614204, "time/total": 1520.3952913284302, "time/evaluation": 30.964911699295044, "training/train_loss_mean": 0.006569756648871511, "training/train_loss_std": 0.042754094640784016, "training/accuracy": 0.991007365739447, "iteration": 15}
{"time/training": 70.27019762992859, "validation/accuracy": 0.91716723499898, "time/total": 1621.5399034023285, "time/evaluation": 30.87381386756897, "training/train_loss_mean": 0.005848161085075873, "training/train_loss_std": 0.050960499474188445, "training/accuracy": 0.9940175180578972, "iteration": 16}
{"time/training": 70.24531126022339, "validation/accuracy": 0.9206223623714657, "time/total": 1722.6669175624847, "time/evaluation": 30.881219625473022, "training/train_loss_mean": 0.0022539239292680177, "training/train_loss_std": 0.027764278039121865, "training/accuracy": 0.9907967808441478, "iteration": 17}
{"time/training": 70.36039757728577, "validation/accuracy": 0.9016336545400361, "time/total": 1823.9450423717499, "time/evaluation": 30.917203664779663, "training/train_loss_mean": 0.005215987570867525, "training/train_loss_std": 0.041371374064332715, "training/accuracy": 0.9930857912745019, "iteration": 18}
{"time/training": 70.3566153049469, "validation/accuracy": 0.9073831957297929, "time/total": 1925.2380321025848, "time/evaluation": 30.935893297195435, "training/train_loss_mean": 0.0037674664274521727, "training/train_loss_std": 0.03344467112238286, "training/accuracy": 0.9908668444792381, "iteration": 19}
{"time/training": 70.32998037338257, "validation/accuracy": 0.9275965849945456, "time/total": 2026.4813122749329, "time/evaluation": 30.912813425064087, "training/train_loss_mean": 0.004555771741041557, "training/train_loss_std": 0.03800271720684595, "training/accuracy": 0.9923807527212378, "iteration": 20}
{"time/training": 70.24186396598816, "validation/accuracy": 0.9473599797963048, "time/total": 2127.677011489868, "time/evaluation": 30.95342516899109, "training/train_loss_mean": 0.0014317846965892873, "training/train_loss_std": 0.021937416086280335, "training/accuracy": 0.9967754331552292, "iteration": 21}
{"time/training": 70.17503070831299, "validation/accuracy": 0.9452699434972429, "time/total": 2229.3468346595764, "time/evaluation": 30.96040153503418, "training/train_loss_mean": 0.0011609737575839056, "training/train_loss_std": 0.02044821899105019, "training/accuracy": 0.9967754331552292, "iteration": 22}
{"time/training": 70.23799276351929, "validation/accuracy": 0.9430246573300188, "time/total": 2330.4364326000214, "time/evaluation": 30.85110902786255, "training/train_loss_mean": 0.0011270680397673437, "training/train_loss_std": 0.020208169415304938, "training/accuracy": 0.9983424012849987, "iteration": 23}
{"time/training": 70.24697494506836, "validation/accuracy": 0.931011612215627, "time/total": 2431.6072409152985, "time/evaluation": 30.92335605621338, "training/train_loss_mean": 0.0032088857346949, "training/train_loss_std": 0.03246206803595691, "training/accuracy": 0.9947705296884664, "iteration": 24}
{"time/training": 70.1911940574646, "validation/accuracy": 0.9209618023035226, "time/total": 2532.7040164470673, "time/evaluation": 30.90503191947937, "training/train_loss_mean": 0.0018934830336182517, "training/train_loss_std": 0.02725816415193694, "training/accuracy": 0.9855458511224258, "iteration": 25}
{"time/training": 70.27962303161621, "validation/accuracy": 0.9420187116216792, "time/total": 2633.923816680908, "time/evaluation": 30.93964147567749, "training/train_loss_mean": 0.0040944039205474325, "training/train_loss_std": 0.036387066706644496, "training/accuracy": 0.9949004179743154,