{"time/training": 15.05268120765686, "validation/accuracy": 0.32134391777567695, "time/total": 20.89375877380371, "time/evaluation": 5.840834140777588, "training/train_loss_mean": 0.5747833633047389, "training/train_loss_std": 0.23347338112817503, "training/accuracy": 0.32343513474976027, "iteration": 1}
{"time/training": 14.82909345626831, "validation/accuracy": 0.3740451700942503, "time/total": 41.312344789505005, "time/evaluation": 5.46170711517334, "training/train_loss_mean": 0.2417987804815877, "training/train_loss_std": 0.19382399060941685, "training/accuracy": 0.37794768459391703, "iteration": 2}
{"time/training": 14.702346801757812, "validation/accuracy": 0.3825102326481221, "time/total": 61.570332288742065, "time/evaluation": 5.462584018707275, "training/train_loss_mean": 0.15310656069521242, "training/train_loss_std": 0.15368269428038864, "training/accuracy": 0.3881344082277366, "iteration": 3}
{"time/training": 14.61727237701416, "validation/accuracy": 0.48217683808318573, "time/total": 82.07108426094055, "time/evaluation": 5.79426908493042, "training/train_loss_mean": 0.11459400256743699, "training/train_loss_std": 0.1292831425729088, "training/accuracy": 0.5029522764650892, "iteration": 4}
{"time/training": 14.611733436584473, "validation/accuracy": 0.5024508012908735, "time/total": 102.23500204086304, "time/evaluation": 5.457178592681885, "training/train_loss_mean": 0.07606220928645935, "training/train_loss_std": 0.1133481659883351, "training/accuracy": 0.528155568022532, "iteration": 5}
{"time/training": 14.549277544021606, "validation/accuracy": 0.5102402502821665, "time/total": 122.33108806610107, "time/evaluation": 5.453795909881592, "training/train_loss_mean": 0.05778901894035104, "training/train_loss_std": 0.08704266473345142, "training/accuracy": 0.5391042056921274, "iteration": 6}
{"time/training": 14.592035055160522, "validation/accuracy": 0.5262276327209199, "time/total": 142.85164999961853, "time/evaluation": 5.832664966583252, "training/train_loss_mean": 0.04852500308660688, "training/train_loss_std": 0.0851398877696291, "training/accuracy": 0.5595867450163069, "iteration": 7}
{"time/training": 14.675602197647095, "validation/accuracy": 0.5807569940937144, "time/total": 163.10207390785217, "time/evaluation": 5.481229782104492, "training/train_loss_mean": 0.043158538664111824, "training/train_loss_std": 0.07981234348182395, "training/accuracy": 0.6290029654755511, "iteration": 8}
{"time/training": 14.48276162147522, "validation/accuracy": 0.6003313101991509, "time/total": 183.160418510437, "time/evaluation": 5.485120058059692, "training/train_loss_mean": 0.04298234315076659, "training/train_loss_std": 0.08532268013670546, "training/accuracy": 0.6948283615253708, "iteration": 9}
{"time/training": 14.552929639816284, "validation/accuracy": 0.6254683286607479, "time/total": 203.4515721797943, "time/evaluation": 5.647244453430176, "training/train_loss_mean": 0.03261772253388799, "training/train_loss_std": 0.07018895738006214, "training/accuracy": 0.6932482020534667, "iteration": 10}
{"time/training": 14.550847053527832, "validation/accuracy": 0.7267470522162377, "time/total": 223.56785583496094, "time/evaluation": 5.47009015083313, "training/train_loss_mean": 0.028913718012920545, "training/train_loss_std": 0.06928994686750814, "training/accuracy": 0.8550007358135622, "iteration": 11}
{"time/training": 14.454913139343262, "validation/accuracy": 0.7408780505440072, "time/total": 243.571142911911, "time/evaluation": 5.455082654953003, "training/train_loss_mean": 0.025926056277010532, "training/train_loss_std": 0.0634548444833973, "training/accuracy": 0.8628225523990019, "iteration": 12}
{"time/training": 14.413067102432251, "validation/accuracy": 0.760638646731436, "time/total": 263.9383952617645, "time/evaluation": 5.863629579544067, "training/train_loss_mean": 0.021186020511523802, "training/train_loss_std": 0.0633856994001593, "training/accuracy": 0.8674301095260265, "iteration": 13}
{"time/training": 14.61423373222351, "validation/accuracy": 0.7897372223460604, "time/total": 284.1699438095093, "time/evaluation": 5.523435354232788, "training/train_loss_mean": 0.017886030738387262, "training/train_loss_std": 0.05194538285518603, "training/accuracy": 0.9087653976002248, "iteration": 14}
{"time/training": 14.461021423339844, "validation/accuracy": 0.8051448408010762, "time/total": 304.1977844238281, "time/evaluation": 5.4744346141815186, "training/train_loss_mean": 0.019736532991975236, "training/train_loss_std": 0.06356394843620682, "training/accuracy": 0.9381894926845199, "iteration": 15}
{"time/training": 14.41380763053894, "validation/accuracy": 0.8319948080592192, "time/total": 324.55133175849915, "time/evaluation": 5.847312688827515, "training/train_loss_mean": 0.014243173350703327, "training/train_loss_std": 0.05506109500166722, "training/accuracy": 0.9510786561407059, "iteration": 16}
{"time/training": 14.526573419570923, "validation/accuracy": 0.8135188457128069, "time/total": 344.6643626689911, "time/evaluation": 5.492466688156128, "training/train_loss_mean": 0.013818997581886755, "training/train_loss_std": 0.05035121262681189, "training/accuracy": 0.9334396672003729, "iteration": 17}
{"time/training": 14.399608135223389, "validation/accuracy": 0.8408459973314872, "time/total": 364.4973554611206, "time/evaluation": 5.432884216308594, "training/train_loss_mean": 0.01697102361435472, "training/train_loss_std": 0.06303946770879944, "training/accuracy": 0.9532686263148176, "iteration": 18}
{"time/training": 14.389537572860718, "validation/accuracy": 0.8388563206890858, "time/total": 384.84599900245667, "time/evaluation": 5.8671557903289795, "training/train_loss_mean": 0.012544275068597297, "training/train_loss_std": 0.05374266096704911, "training/accuracy": 0.9645873738668372, "iteration": 19}
{"time/training": 14.466641664505005, "validation/accuracy": 0.8529682646387503, "time/total": 404.783891916275, "time/evaluation": 5.47077488899231, "training/train_loss_mean": 0.00985715773332897, "training/train_loss_std": 0.04821455292130731, "training/accuracy": 0.9786031703020501, "iteration": 20}
{"time/training": 14.455302715301514, "validation/accuracy": 0.8584935980443914, "time/total": 424.80413699150085, "time/evaluation": 5.472179889678955, "training/train_loss_mean": 0.006744574956601856, "training/train_loss_std": 0.03973500935532352, "training/accuracy": 0.9793131073037692, "iteration": 21}
{"time/training": 14.42366647720337, "validation/accuracy": 0.8625737633339053, "time/total": 445.18580508232117, "time/evaluation": 5.864426612854004, "training/train_loss_mean": 0.006566747801030498, "training/train_loss_std": 0.03918603123046356, "training/accuracy": 0.9785641962563139, "iteration": 22}
{"time/training": 14.478029251098633, "validation/accuracy": 0.8680862560865295, "time/total": 465.2537007331848, "time/evaluation": 5.497359037399292, "training/train_loss_mean": 0.0063478690242946174, "training/train_loss_std": 0.04109194613087772, "training/accuracy": 0.9915883876200186, "iteration": 23}
{"time/training": 14.406001091003418, "validation/accuracy": 0.9000725542756157, "time/total": 485.2180697917938, "time/evaluation": 5.4662415981292725, "training/train_loss_mean": 0.00732611470790919, "training/train_loss_std": 0.04279370941880001, "training/accuracy": 0.9883874001761546, "iteration": 24}
{"time/training": 14.38355016708374, "validation/accuracy": 0.8535878214402188, "time/total": 505.5475494861603, "time/evaluation": 5.8516082763671875, "training/train_loss_mean": 0.005385264509003912, "training/train_loss_std": 0.03842818609755253, "training/accuracy": 0.9970530263834604, "iteration": 25}
{"time/training": 14.456305265426636, "validation/accuracy": 0.8889556321866543, "time/total": 525.4595148563385, "time/evaluation": 5.455086708068848, "training/train_loss_mean": 0.004813462641317256, "training/train_loss_std": 0.04083189400170869, "training/accuracy": 0.9893293956729063,