{"time/training": 19.503278970718384, "validation/accuracy": 0.37379078314924463, "time/total": 28.188180923461914, "time/evaluation": 8.684610843658447, "training/train_loss_mean": 0.4781493864102861, "training/train_loss_std": 0.33093056339642174, "training/accuracy": 0.37651392978462755, "iteration": 1}
{"time/training": 19.015443325042725, "validation/accuracy": 0.3769658827780675, "time/total": 55.743597745895386, "time/evaluation": 8.414587259292603, "training/train_loss_mean": 0.19352314389626107, "training/train_loss_std": 0.16295496581617527, "training/accuracy": 0.37940085105959653, "iteration": 2}
{"time/training": 18.98458480834961, "validation/accuracy": 0.3821846378904758, "time/total": 83.52600693702698, "time/evaluation": 8.708559036254883, "training/train_loss_mean": 0.13570144484112934, "training/train_loss_std": 0.13940657193841247, "training/accuracy": 0.38530209523704845, "iteration": 3}
{"time/training": 18.97588801383972, "validation/accuracy": 0.4588276952452367, "time/total": 110.98952054977417, "time/evaluation": 8.39625334739685, "training/train_loss_mean": 0.10245796338321392, "training/train_loss_std": 0.11576397579899235, "training/accuracy": 0.49542565387072524, "iteration": 4}
{"time/training": 18.91502571105957, "validation/accuracy": 0.4904920531020783, "time/total": 138.75108242034912, "time/evaluation": 8.757420301437378, "training/train_loss_mean": 0.08937655959881505, "training/train_loss_std": 0.1218520828026909, "training/accuracy": 0.5233856850667524, "iteration": 5}
{"time/training": 18.865440845489502, "validation/accuracy": 0.5084124466606208, "time/total": 166.1512942314148, "time/evaluation": 8.445367574691772, "training/train_loss_mean": 0.06846058422875569, "training/train_loss_std": 0.10897346552266342, "training/accuracy": 0.5406805632313424, "iteration": 6}
{"time/training": 18.84401774406433, "validation/accuracy": 0.502057376934765, "time/total": 193.85688519477844, "time/evaluation": 8.769745111465454, "training/train_loss_mean": 0.06386453511118229, "training/train_loss_std": 0.12644090488367046, "training/accuracy": 0.5398617641804266, "iteration": 7}
{"time/training": 18.79350185394287, "validation/accuracy": 0.524728675864099, "time/total": 221.08122611045837, "time/evaluation": 8.430382251739502, "training/train_loss_mean": 0.055536785780719855, "training/train_loss_std": 0.11341887414466983, "training/accuracy": 0.5550288290361196, "iteration": 8}
{"time/training": 18.787986278533936, "validation/accuracy": 0.5206402376062267, "time/total": 248.69638514518738, "time/evaluation": 8.737328052520752, "training/train_loss_mean": 0.04572177831934651, "training/train_loss_std": 0.09462701229871553, "training/accuracy": 0.5840787627329818, "iteration": 9}
{"time/training": 18.775239944458008, "validation/accuracy": 0.5622791091609718, "time/total": 275.86963963508606, "time/evaluation": 8.397539854049683, "training/train_loss_mean": 0.041669952909679404, "training/train_loss_std": 0.08578419899539753, "training/accuracy": 0.6423362398293193, "iteration": 10}
{"time/training": 18.78066897392273, "validation/accuracy": 0.6294506540308865, "time/total": 303.46826171875, "time/evaluation": 8.725663900375366, "training/train_loss_mean": 0.04082666630742111, "training/train_loss_std": 0.08669995240924848, "training/accuracy": 0.6973998081609463, "iteration": 11}
{"time/training": 18.78488802909851, "validation/accuracy": 0.7394170015345585, "time/total": 330.75700211524963, "time/evaluation": 8.410361528396606, "training/train_loss_mean": 0.027172199192096656, "training/train_loss_std": 0.0681400504953848, "training/accuracy": 0.9152610108576889, "iteration": 12}
{"time/training": 18.69783353805542, "validation/accuracy": 0.7685216720153955, "time/total": 358.2745273113251, "time/evaluation": 8.72924017906189, "training/train_loss_mean": 0.022830259202985006, "training/train_loss_std": 0.06885671174510087, "training/accuracy": 0.9311832141156531, "iteration": 13}
{"time/training": 18.740755558013916, "validation/accuracy": 0.7490262565554647, "time/total": 385.5255677700043, "time/evaluation": 8.422403573989868, "training/train_loss_mean": 0.015602447923344347, "training/train_loss_std": 0.049703970581122296, "training/accuracy": 0.9480348055436292, "iteration": 14}
{"time/training": 18.69917321205139, "validation/accuracy": 0.756820738814699, "time/total": 412.89004945755005, "time/evaluation": 8.664785861968994, "training/train_loss_mean": 0.013589774794999407, "training/train_loss_std": 0.05914443339667331, "training/accuracy": 0.9369419452806236, "iteration": 15}
{"time/training": 18.72591757774353, "validation/accuracy": 0.7507408238539259, "time/total": 440.0517942905426, "time/evaluation": 8.435204982757568, "training/train_loss_mean": 0.012466263974841234, "training/train_loss_std": 0.052663471121998005, "training/accuracy": 0.9332344771561438, "iteration": 16}
{"time/training": 18.633254528045654, "validation/accuracy": 0.7968054589550885, "time/total": 467.40287470817566, "time/evaluation": 8.717259407043457, "training/train_loss_mean": 0.008917299655865829, "training/train_loss_std": 0.04246565180871941, "training/accuracy": 0.9513112985745519, "iteration": 17}
{"time/training": 18.688430309295654, "validation/accuracy": 0.8278152285827172, "time/total": 494.60442781448364, "time/evaluation": 8.42095685005188, "training/train_loss_mean": 0.007557955616643959, "training/train_loss_std": 0.04303382339092373, "training/accuracy": 0.9739624782606002, "iteration": 18}
{"time/training": 18.6461660861969, "validation/accuracy": 0.7457928358582427, "time/total": 522.1094515323639, "time/evaluation": 8.767859935760498, "training/train_loss_mean": 0.007409960330809067, "training/train_loss_std": 0.04171126652560189, "training/accuracy": 0.8761510260690079, "iteration": 19}
{"time/training": 18.703845500946045, "validation/accuracy": 0.8710137080771538, "time/total": 549.2950949668884, "time/evaluation": 8.481314420700073, "training/train_loss_mean": 0.010238436219022576, "training/train_loss_std": 0.05538250215556505, "training/accuracy": 0.9872697103035459, "iteration": 20}
{"time/training": 18.623764038085938, "validation/accuracy": 0.8403702834156016, "time/total": 576.7970838546753, "time/evaluation": 8.787509202957153, "training/train_loss_mean": 0.007811900753064739, "training/train_loss_std": 0.044459492565781945, "training/accuracy": 0.9757261808923143, "iteration": 21}
{"time/training": 18.681636333465576, "validation/accuracy": 0.8360197282225773, "time/total": 603.9470193386078, "time/evaluation": 8.467658281326294, "training/train_loss_mean": 0.0041505900070037535, "training/train_loss_std": 0.031183351668667352, "training/accuracy": 0.9745175625216902, "iteration": 22}
{"time/training": 18.66509461402893, "validation/accuracy": 0.8239427773357088, "time/total": 631.422785282135, "time/evaluation": 8.810174465179443, "training/train_loss_mean": 0.00519397931330593, "training/train_loss_std": 0.034417795598812306, "training/accuracy": 0.9404294427454214, "iteration": 23}
{"time/training": 18.672595500946045, "validation/accuracy": 0.8653523285613959, "time/total": 658.5705018043518, "time/evaluation": 8.474668025970459, "training/train_loss_mean": 0.007499761439876023, "training/train_loss_std": 0.042987860099263774, "training/accuracy": 0.9816550764569442, "iteration": 24}
{"time/training": 18.602065324783325, "validation/accuracy": 0.8813053526650038, "time/total": 685.9650418758392, "time/evaluation": 8.792005777359009, "training/train_loss_mean": 0.004684128545644724, "training/train_loss_std": 0.03260113441601425, "training/accuracy": 0.9897859910339631, "iteration": 25}
{"time/training": 18.653027057647705, "validation/accuracy": 0.8677814218204082, "time/total": 713.2000977993011, "time/evaluation": 8.484442472457886, "training/train_loss_mean": 0.0032382878588098213, "training/train_loss_std": 0.0309055509698464, "training/accuracy": 0.9809332434929818,